CASE_NUMBER,CASE_STATUS,CASE_RECEIVED_DATE,DECISION_DATE,EMPLOYER_NAME,EDUCATION_LEVEL_REQUIRED,COLLEGE_MAJOR_REQUIRED,EXPERIENCE_REQUIRED_Y_N,EXPERIENCE_REQUIRED_NUM_MONTHS,WORK_STATE,FULL_TIME_POSITION_Y_N,VISA_CLASS,PAID_WAGE_PER_YEAR,JOB_TITLE_SUBGROUP
I-200-14073-248840,denied,3/14/2014,3/21/2014,"ADVANCED TECHNOLOGY GROUP USA, INC.",NA,NA,NA,NA,IL,y,H-1B,62171,software engineer
A-15061-55212,denied,3/19/2015,3/19/2015,SAN FRANCISCO STATE UNIVERSITY,Doctorate,marketing,n,,CALIFORNIA,NA,greencard,91440,assistant professor
I-200-13256-001092,denied,9/13/2013,9/23/2013,CAROUSEL SCHOOL,NA,NA,NA,NA,CA,y,H-1B,49470,teacher
I-200-14087-353657,denied,3/28/2014,4/7/2014,HARLINGEN CONSOLIDATED INDEPENDENT SCHOOL DISTRICT,NA,NA,NA,NA,TX,y,H-1B,43800,teacher
I-203-14259-128844,denied,9/16/2014,9/23/2014,SIGNAL SCIENCES CORPORATION,NA,NA,NA,NA,OR,y,E-3 Australian,170000,software engineer
I-200-14092-483272,denied,4/2/2014,4/9/2014,CAPGEMINI U.S. LLC,NA,NA,NA,NA,CA,y,H-1B,114421,business analyst
I-200-13084-487292,denied,3/25/2013,3/28/2013,"PURE STORAGE, INC.",NA,NA,NA,NA,CA,y,H-1B,145000,software engineer
I-200-13126-805026,denied,5/6/2013,5/8/2013,"POLMAK, INC.",NA,NA,NA,NA,NJ,y,H-1B,104458,software engineer
I-200-13128-133480,denied,5/10/2013,5/14/2013,GOOGLE INC.,NA,NA,NA,NA,NY,y,H-1B,160000,software engineer
I-200-14069-400950,denied,3/10/2014,3/18/2014,"STLPORT CONSULTING, INC.",NA,NA,NA,NA,CA,y,H-1B,98675,software engineer
I-200-11332-593285,denied,11/28/2011,11/28/2011,"ESPN DIGITAL MEDIA, INC.",NA,NA,NA,NA,CT,y,H-1B,110000,software engineer
I-200-14093-494144,denied,4/3/2014,4/9/2014,"VERTAFORE, INC.",NA,NA,NA,NA,WA,y,H-1B,115000,business analyst
I-200-11172-152960,certified-withdrawn,6/21/2011,9/13/2013,SYMANTEC CORPORATION,NA,NA,NA,NA,CA,y,H-1B,90460,software engineer
I-200-14006-541882,denied,1/16/2014,1/21/2014,INTEL CORPORATION,NA,NA,NA,NA,OR,y,H-1B,82846,software engineer
I-200-14027-258414,denied,2/5/2014,2/10/2014,GOOGLE INC.,NA,NA,NA,NA,CA,y,H-1B,105000,software engineer
I-200-11300-850439,denied,11/1/2011,11/8/2011,THOMSON REUTERS (MARKETS) LLC,NA,NA,NA,NA,MD,y,H-1B,96300,software engineer
I-200-13072-331858,denied,3/13/2013,3/18/2013,"ROHDE & SCHWARZ, INC.",NA,NA,NA,NA,OR,y,H-1B,115000,software engineer
I-200-13311-440603,denied,11/19/2013,11/22/2013,QUALCOMM INNOVATION CENTER INC.,NA,NA,NA,NA,CA,y,H-1B,92352,software engineer
I-200-13142-612073,denied,5/22/2013,5/28/2013,SARANSH INC,NA,NA,NA,NA,NC,y,H-1B,75982,software engineer
I-200-13274-808058,withdrawn,10/1/2013,10/1/2013,"SECURE ENDPOINTS, INC.",NA,NA,NA,NA,NY,y,H-1B,100001,software engineer
I-200-13273-900548,denied,10/18/2013,11/4/2013,"TABLEAU SOFTWARE, INC.",NA,NA,NA,NA,WA,y,H-1B,90000,software engineer
I-200-13240-569816,denied,8/29/2013,9/6/2013,DEALERSOCKET,NA,NA,NA,NA,CA,y,H-1B,85000,software engineer
I-200-13073-435787,withdrawn,3/14/2013,3/15/2013,DTC GLOBAL SERVICES LLC,NA,NA,NA,NA,DC,y,H-1B,135000,software engineer
I-200-14016-570954,denied,1/20/2014,1/27/2014,"SCHAEFFLER GROUP USA, INC.",NA,NA,NA,NA,SC,y,H-1B,80000,business analyst
I-200-13045-026419,denied,3/6/2013,3/18/2013,GOOGLE INC.,NA,NA,NA,NA,CA,y,H-1B,100000,software engineer
I-200-14114-574939,denied,4/24/2014,4/29/2014,"INSIDE, INC.",NA,NA,NA,NA,WA,y,H-1B,100000,software engineer
I-200-13074-152895,denied,3/15/2013,3/20/2013,MOOTLY INC.,NA,NA,NA,NA,TX,y,H-1B,68162,software engineer
I-200-13077-918178,denied,3/18/2013,3/22/2013,MOOTLY INC.,NA,NA,NA,NA,TX,y,H-1B,68162,software engineer
I-200-13165-749520,denied,6/14/2013,6/18/2013,"CAPSQUARE SYSTEMS,INC",NA,NA,NA,NA,RI,y,H-1B,80000,software engineer
I-200-13079-799050,denied,3/21/2013,3/27/2013,"QUALCOMM TECHNOLOGIES, INC.",NA,NA,NA,NA,CO,y,H-1B,79600,software engineer
I-200-14036-956911,denied,2/5/2014,2/10/2014,"INDSOFT, INC.",NA,NA,NA,NA,IL,y,H-1B,76357,software engineer
I-200-13239-016758,withdrawn,8/27/2013,8/27/2013,"CARDUS, INC.",NA,NA,NA,NA,MI,y,H-1B,75000,software engineer
I-200-14290-599454,denied,10/17/2014,10/23/2014,PROMATRIX CORP,NA,NA,NA,NA,NJ,y,H-1B,75000,software engineer
I-200-11278-138604,denied,10/5/2011,10/11/2011,"HUMETIS TECHNOLOGIES, INC.",NA,NA,NA,NA,NJ,y,H-1B,72000,management consultant
I-200-11298-627683,denied,10/25/2011,10/26/2011,"ADVANTAGE TECHNICAL RESOURCING, INC.",NA,NA,NA,NA,MO,y,H-1B,64480,business analyst
I-200-13072-926613,denied,3/15/2013,3/20/2013,BLUE CROSS BLUE SHIELD OF MINNESOTA,NA,NA,NA,NA,MN,y,H-1B,65000,data analyst
I-200-13105-196121,denied,4/15/2013,4/15/2013,CURATORS OF THE UNIVERSITY OF MISSOURI,NA,NA,NA,NA,MO,y,H-1B,61350,assistant professor
I-200-13099-411998,denied,4/9/2013,4/12/2013,NATRONA COUNTY SCHOOL DISTRICT #1,NA,NA,NA,NA,WY,y,H-1B,43362,teacher
I-200-14073-538115,withdrawn,3/14/2014,3/14/2014,"MORLOGIC, INC.",NA,NA,NA,NA,MI,y,H-1B,60000,software engineer
I-200-14073-611631,denied,3/14/2014,3/21/2014,"MORLOGIC, INC.",NA,NA,NA,NA,MI,y,H-1B,60000,software engineer
I-200-14195-452652,denied,7/14/2014,7/21/2014,IBERVILLE PARISH SCHOOL DISTRICT,NA,NA,NA,NA,LA,y,H-1B,48000,teacher
I-200-14056-752926,denied,2/25/2014,3/3/2014,"SRIVEN SYSTEMS, INC",NA,NA,NA,NA,MD,y,H-1B,60000,business analyst
I-200-14021-070334,denied,2/27/2014,3/5/2014,"SDLC MANAGEMENT, INC.",NA,NA,NA,NA,PA,y,H-1B,55869,business analyst
I-200-13072-274889,denied,3/13/2013,3/18/2013,ACTIVE ENTERPRISE SOLUTIONS LLC,NA,NA,NA,NA,TX,y,H-1B,54600,business analyst
I-200-14156-635769,denied,6/5/2014,6/12/2014,TENNESSEE TECHNOLOGICAL UNIVERSITY,NA,NA,NA,NA,TN,y,H-1B,59000,assistant professor
I-200-11306-789860,denied,11/2/2011,11/4/2011,ALLENDALE COUNTY SCHOOL DISTRICT,NA,NA,NA,NA,SC,y,H-1B,41249,teacher
I-200-14287-091950,denied,10/14/2014,10/20/2014,IDAHO STATE UNIVERSITY,NA,NA,NA,NA,ID,y,H-1B,100000,assistant professor
I-200-13068-891825,denied,3/9/2013,3/14/2013,LARSEN & TOUBRO INFOTECH LIMITED,NA,NA,NA,NA,NJ,y,H-1B,55170,software engineer
I-200-13176-607972,denied,6/25/2013,6/28/2013,THE UNIVERSITY OF MEMPHIS,NA,NA,NA,NA,TN,y,H-1B,75000,assistant professor
I-200-13309-651319,denied,11/5/2013,11/13/2013,THE UNIVERSITY OF NORTH CAROLINA AT PEMBROKE,NA,NA,NA,NA,NC,y,H-1B,55000,assistant professor
I-200-14084-026532,denied,3/25/2014,4/3/2014,BOISE STATE UNIVERSITY,NA,NA,NA,NA,ID,y,H-1B,52500,assistant professor
I-200-14078-995028,denied,3/19/2014,3/28/2014,DONNA INDEPENDENT SCHOOL DISTRICT,NA,NA,NA,NA,TX,y,H-1B,42790,teacher
I-200-14015-979766,denied,1/15/2014,1/22/2014,DAYTON INDEPENDENT SCHOOL DISTRICT,NA,NA,NA,NA,TX,y,H-1B,51000,teacher
I-200-13144-495250,denied,5/24/2013,5/29/2013,CLARK UNIVERSITY,NA,NA,NA,NA,MA,y,H-1B,46000,assistant professor
I-200-13184-932627,denied,7/8/2013,7/11/2013,MARION COUNTY SCHOOL DISTRICT,NA,NA,NA,NA,SC,y,H-1B,60634,teacher
I-200-14062-410880,denied,3/3/2014,3/7/2014,BOARD OF REGENTS OF THE UNIVERSITY OF NEBRASKA,NA,NA,NA,NA,NE,y,H-1B,205000,assistant professor
I-200-14356-007181,certified,12/22/2014,12/30/2014,PRATT INSTITUTE,NA,NA,NA,NA,NY,n,H-1B,187200,assistant professor
I-200-14066-874062,denied,3/8/2014,3/17/2014,YINGHUA ACADEMY,NA,NA,NA,NA,MN,y,H-1B,41400,teacher
I-200-13106-885234,denied,4/16/2013,4/19/2013,"HERITAGE PREPARATORY ACADEMY, INC.",NA,NA,NA,NA,GA,y,H-1B,42000,teacher
I-200-14133-980882,denied,5/13/2014,5/20/2014,"UBER TECHNOLOGIES, INC.",NA,NA,NA,NA,CA,y,H-1B,140000,software engineer
I-200-13266-150362,certified,9/27/2013,11/1/2013,THE UNIVERSITY OF TOLEDO,NA,NA,NA,NA,OH,y,H-1B,450000,assistant professor
I-200-14115-537358,denied,4/25/2014,5/1/2014,SCHOOL BOARD MIAMI-DADE COUNTY,NA,NA,NA,NA,FL,y,H-1B,45000,teacher
I-200-14119-930522,denied,4/29/2014,5/5/2014,SCHOOL BOARD MIAMI-DADE COUNTY,NA,NA,NA,NA,FL,y,H-1B,45000,teacher
I-200-13072-437950,certified,3/13/2013,3/19/2013,HOLLYWOOD PRESCHOOL AND KINDERGARTEN,NA,NA,NA,NA,CA,y,H-1B,372408,teacher
I-200-13127-928344,certified,5/9/2013,5/15/2013,PRATT INSTITUTE,NA,NA,NA,NA,NY,n,H-1B,166364.64,assistant professor
I-200-14184-197156,denied,7/10/2014,7/17/2014,PRINCE HALL COLONIAL PARK  DCC,NA,NA,NA,NA,NY,y,H-1B,29567,teacher
I-200-12335-213894,denied,11/30/2012,12/5/2012,"PARAMOUNT SCHOOL OF EXCELLENCE, INC.",NA,NA,NA,NA,IN,y,H-1B,46000,teacher
I-200-14162-430767,denied,6/11/2014,6/17/2014,DAISY EDUCATION CORPORATION,NA,NA,NA,NA,AZ,y,H-1B,33300,teacher
I-200-13113-674671,certified,4/23/2013,4/29/2013,UNIVERSITY OF NEBRASKA MEDICAL CENTER,NA,NA,NA,NA,NE,y,H-1B,325000,assistant professor
I-200-13219-417892,certified,8/15/2013,8/21/2013,UNIVERSITY OF KENTUCKY,NA,NA,NA,NA,KY,y,H-1B,352000,assistant professor
I-200-13142-539783,certified-withdrawn,5/22/2013,8/7/2013,UNIVERSITY OF KENTUCKY,NA,NA,NA,NA,KY,y,H-1B,352000,assistant professor
I-200-13219-680144,denied,8/7/2013,8/12/2013,UNIVERSITY OF KENTUCKY,NA,NA,NA,NA,KY,y,H-1B,352000,assistant professor
I-200-15047-540800,certified,2/18/2015,2/27/2015,THE UNIVERSITY OF ARIZONA,NA,NA,NA,NA,AZ,y,H-1B,260000,assistant professor
I-200-14108-770496,certified,4/21/2014,4/28/2014,NEW YORK UNIVERSITY,NA,NA,NA,NA,NY,n,H-1B,303329.52,assistant professor
I-200-13178-163030,certified,6/27/2013,7/3/2013,NEW YORK UNIVERSITY,NA,NA,NA,NA,NY,n,H-1B,139829.04,assistant professor
I-203-13325-889631,certified,11/21/2013,11/27/2013,NEW YORK UNIVERSITY,NA,NA,NA,NA,NY,n,E-3 Australian,112788,assistant professor
I-200-15056-296786,certified,2/25/2015,3/5/2015,"ASCENDUM SOLUTIONS, LLC",NA,NA,NA,NA,KY,y,H-1B,264992,business analyst
I-200-12342-600708,certified,12/7/2012,12/13/2012,NEW YORK UNIVERSITY,NA,NA,NA,NA,NY,n,H-1B,167141.52,assistant professor
I-200-13039-383038,certified,2/8/2013,2/14/2013,NEW YORK UNIVERSITY,NA,NA,NA,NA,NY,n,H-1B,112788,assistant professor
I-200-13063-939808,certified,3/4/2013,3/8/2013,NEW YORK UNIVERSITY,NA,NA,NA,NA,NY,n,H-1B,112788,assistant professor
I-200-13051-992211,certified,2/20/2013,2/26/2013,NEW YORK UNIVERSITY,NA,NA,NA,NA,NY,n,H-1B,109746,assistant professor
I-200-14127-673424,certified,5/7/2014,5/13/2014,THE UNIVERSITY OF IOWA,NA,NA,NA,NA,IA,y,H-1B,250000,assistant professor
I-200-13254-961497,certified,9/11/2013,9/17/2013,THE UNIVERSITY OF IOWA,NA,NA,NA,NA,IA,y,H-1B,250000,assistant professor
I-200-13316-902774,certified,11/12/2013,11/18/2013,THE UNIVERSITY OF IOWA,NA,NA,NA,NA,IA,n,H-1B,123299.28,assistant professor
I-200-13135-982690,certified-withdrawn,5/15/2013,10/14/2014,LSU HEALTH SCIENCES CENTER/NEW ORLEANS,NA,NA,NA,NA,LA,y,H-1B,330000,assistant professor
I-200-13291-611226,withdrawn,10/23/2013,10/30/2013,UNIVERSITY OF KENTUCKY,NA,NA,NA,NA,KY,y,H-1B,240000,assistant professor
I-200-13303-453727,certified,10/31/2013,11/6/2013,UNIVERSITY OF KENTUCKY,NA,NA,NA,NA,KY,y,H-1B,240000,assistant professor
I-200-14137-851398,certified-withdrawn,5/17/2014,10/16/2014,THE UNIVERSITY OF IOWA,NA,NA,NA,NA,IA,y,H-1B,255000,assistant professor
I-200-13029-626200,certified,1/30/2013,2/5/2013,JOHNS HOPKINS UNIVERSITY,NA,NA,NA,NA,MD,y,H-1B,309302,assistant professor
I-200-13162-448527,certified,6/13/2013,6/19/2013,"MEDICAL COLLEGE OF WISCONSIN, INC.",NA,NA,NA,NA,WI,y,H-1B,280000,assistant professor
I-200-13179-467857,certified,6/28/2013,7/5/2013,THE UNIVERSITY OF IOWA,NA,NA,NA,NA,IA,n,H-1B,145800.72,assistant professor
I-200-12284-910556,certified,10/10/2012,10/16/2012,VANDERBILT UNIVERSITY,NA,NA,NA,NA,TN,y,H-1B,345453.96,assistant professor
I-200-13190-941410,certified,7/9/2013,7/15/2013,MOUNT SINAI MEDICAL CENTER,NA,NA,NA,NA,NY,y,H-1B,230000,assistant professor
I-200-14078-325829,certified,3/19/2014,3/25/2014,"USA HEALTHCARE MANAGEMENT, LLC",NA,NA,NA,NA,AL,y,H-1B,240000,assistant professor
I-203-14043-770403,certified,2/19/2014,2/25/2014,JONES DAY,NA,NA,NA,NA,CA,y,E-3 Australian,235000,attorney
I-200-14072-827653,certified,3/17/2014,3/21/2014,FENWICK & WEST LLP,NA,NA,NA,NA,CA,y,H-1B,224536,attorney
I-200-13238-610196,certified,8/26/2013,8/30/2013,LOUIS STOKES CLEVELAND VA MEDICAL CENTER,NA,NA,NA,NA,OH,y,H-1B,235000,assistant professor
I-200-13255-898428,certified,9/12/2013,9/20/2013,LOUIS STOKES CLEVELAND VA MEDICAL CENTER,NA,NA,NA,NA,OH,y,H-1B,235000,assistant professor
I-200-14213-265369,certified,8/8/2014,8/14/2014,ALBANY MEDICAL COLLEGE,NA,NA,NA,NA,NY,y,H-1B,350000,assistant professor
I-200-14145-683401,certified,8/14/2014,8/20/2014,ALBANY MEDICAL COLLEGE,NA,NA,NA,NA,NY,y,H-1B,285000,assistant professor
I-200-14364-241121,certified,12/31/2014,1/8/2015,GOOGLE INC.,NA,NA,NA,NA,CA,y,H-1B,236500,software engineer
I-200-15048-631201,certified,2/17/2015,2/25/2015,THE UNIVERSITY OF IOWA,NA,NA,NA,NA,IA,y,H-1B,213000,assistant professor
I-200-13119-274768,certified,4/29/2013,5/3/2013,MERCER UNIVERSITY,NA,NA,NA,NA,GA,y,H-1B,220000,assistant professor
I-200-13051-973206,certified,2/20/2013,2/26/2013,HANSON BRIDGETT LLP,NA,NA,NA,NA,CA,y,H-1B,230000,attorney
I-200-13084-577162,certified,4/3/2013,4/9/2013,COOLEY LLP,NA,NA,NA,NA,CA,y,H-1B,212000,attorney
I-200-14197-980432,certified,7/22/2014,7/28/2014,"FACEBOOK, INC.",NA,NA,NA,NA,CA,y,H-1B,247200,software engineer
I-200-14079-383510,certified,3/21/2014,3/27/2014,FENWICK &AMP; WEST LLP,NA,NA,NA,NA,CA,y,H-1B,231000,attorney
I-200-14021-692687,certified-withdrawn,1/21/2014,8/1/2014,O'MELVENY &AMP; MYERS LLP,NA,NA,NA,NA,CA,y,H-1B,230000,attorney
I-200-14098-468025,certified,4/8/2014,4/14/2014,"CA, INC.",NA,NA,NA,NA,CA,y,H-1B,275000,software engineer
A-14239-02058,certified,10/17/2014,6/25/2015,GOOGLE INC.,Bachelor's,"computer science, electrical engineering",n,,CALIFORNIA,NA,greencard,250000,software engineer
I-200-14007-896862,certified,1/9/2014,1/15/2014,GOOGLE INC.,NA,NA,NA,NA,CA,y,H-1B,219288,software engineer
I-200-13352-948920,certified,12/19/2013,12/26/2013,GOOGLE INC.,NA,NA,NA,NA,CA,y,H-1B,215000,software engineer
I-200-14161-225161,certified,6/10/2014,6/16/2014,SANDISK CORPORATION,NA,NA,NA,NA,CA,y,H-1B,210000,software engineer
A-14115-63722,certified-expired,5/13/2014,10/16/2014,GOOGLE INC.,Bachelor's,"computer science, electrical engineering, or a related field",n,,CALIFORNIA,NA,greencard,209102,software engineer
A-14220-96670,certified,10/8/2014,3/4/2015,APPLE INC.,Master's,"electronic eng, computer sci, computer eng, imaging or related field",y,60,CALIFORNIA,NA,greencard,209102,software engineer
I-200-14196-096103,certified-withdrawn,7/15/2014,8/12/2014,UNIVERSITY OF MICHIGAN,NA,NA,NA,NA,MI,y,H-1B,350000,assistant professor
I-200-14203-400750,certified,7/22/2014,7/29/2014,UNIVERSITY OF MICHIGAN,NA,NA,NA,NA,MI,y,H-1B,350000,assistant professor
I-200-14197-954131,certified,7/16/2014,7/22/2014,THE UNIVERSITY OF IOWA,NA,NA,NA,NA,IA,y,H-1B,270000,assistant professor
I-200-15050-285105,certified,2/19/2015,2/27/2015,THE UNIVERSITY OF IOWA,NA,NA,NA,NA,IA,y,H-1B,250000,assistant professor
I-200-13226-459959,denied,8/14/2013,8/20/2013,JAN A POTTER,NA,NA,NA,NA,IL,n,H-1B,208000,teacher
I-200-15061-146075,certified,3/11/2015,3/19/2015,WILLKIE FARR & GALLAGHER LLP,NA,NA,NA,NA,NY,y,H-1B,400000,attorney
I-203-14227-436034,certified,8/15/2014,8/24/2014,BRACEWELL & GIULIANI LLP,NA,NA,NA,NA,NY,y,E-3 Australian,290000,attorney
I-200-14224-764775,certified,8/21/2014,8/27/2014,"FRIED, FRANK, HARRIS, SHRIVER & JACOBSON LLP",NA,NA,NA,NA,NY,y,H-1B,265000,attorney
I-200-14365-729180,certified,12/31/2014,1/8/2015,O'MELVENY &AMP; MYERS LLP,NA,NA,NA,NA,NY,y,H-1B,250000,attorney
I-200-15012-617246,certified,1/14/2015,1/22/2015,WINSTON & STRAWN LLP,NA,NA,NA,NA,NY,y,H-1B,250000,attorney
I-200-15030-644227,certified,2/5/2015,2/14/2015,"SKADDEN, ARPS, SLATE, MEAGHER & FLOM LLP",NA,NA,NA,NA,NY,y,H-1B,250000,attorney
I-200-15071-659881,certified,3/12/2015,3/23/2015,SIDLEY AUSTIN (US) LLP,NA,NA,NA,NA,NY,y,H-1B,250000,attorney
I-200-15078-885533,withdrawn,3/19/2015,3/30/2015,WHITE & CASE LLP,NA,NA,NA,NA,NY,y,H-1B,250000,attorney
I-203-14307-410538,certified,11/3/2014,11/7/2014,WHITE & CASE LLP,NA,NA,NA,NA,NY,y,E-3 Australian,250000,attorney
I-203-14322-847079,withdrawn,11/18/2014,11/21/2014,WHITE & CASE LLP,NA,NA,NA,NA,NY,y,E-3 Australian,250000,attorney
I-200-14237-890914,certified,8/25/2014,8/29/2014,"CURTIS, MALLET-PREVOST, COLT & MOSLE LLP",NA,NA,NA,NA,NY,y,H-1B,250000,attorney
I-200-14262-780326,certified,9/19/2014,9/25/2014,LOWENSTEIN SANDLER LLP,NA,NA,NA,NA,NY,y,H-1B,250000,attorney
I-200-15071-685822,certified,3/12/2015,3/23/2015,SIDLEY AUSTIN (US) LLP,NA,NA,NA,NA,NY,y,H-1B,230000,attorney
I-203-15040-730383,certified,2/10/2015,2/19/2015,"SKADDEN, ARPS, SLATE, MEAGHER & FLOM LLP",NA,NA,NA,NA,NY,y,E-3 Australian,230000,attorney
I-203-14224-659807,certified,8/12/2014,8/18/2014,KAYE SCHOLER LLP,NA,NA,NA,NA,NY,y,E-3 Australian,210000,attorney
I-200-15013-423247,certified,1/14/2015,1/22/2015,JONES DAY,NA,NA,NA,NA,NY,y,H-1B,207293,attorney
I-200-14129-434416,certified,5/9/2014,5/15/2014,SIDLEY AUSTIN (US) LLP,NA,NA,NA,NA,NY,y,H-1B,380000,attorney
I-200-13291-282701,withdrawn,10/18/2013,10/18/2013,"SKADDEN, ARPS, SLATE, MEAGHER & FLOM LLP",NA,NA,NA,NA,NY,y,H-1B,310000,attorney
I-200-13291-804604,certified,10/18/2013,11/1/2013,"SKADDEN, ARPS, SLATE, MEAGHER & FLOM LLP",NA,NA,NA,NA,NY,y,H-1B,310000,attorney
I-203-14036-752835,certified,2/5/2014,2/12/2014,PROSKAUER ROSE LLP,NA,NA,NA,NA,NY,y,E-3 Australian,310000,attorney
I-203-13350-910956,certified,12/16/2013,12/20/2013,KIRKLAND & ELLIS LLP,NA,NA,NA,NA,NY,y,E-3 Australian,290000,attorney
I-203-14163-252424,certified,6/12/2014,6/18/2014,"SKADDEN, ARPS, SLATE, MEAGHER & FLOM LLP",NA,NA,NA,NA,NY,y,E-3 Australian,280000,attorney
I-200-13326-243389,certified,11/26/2013,12/3/2013,"SKADDEN, ARPS, SLATE, MEAGHER & FLOM LLP",NA,NA,NA,NA,NY,y,H-1B,265000,attorney
I-203-14098-509704,certified,4/8/2014,4/14/2014,"SKADDEN, ARPS, SLATE, MEAGHER & FLOM LLP",NA,NA,NA,NA,NY,y,E-3 Australian,265000,attorney
I-200-13256-495245,withdrawn,9/13/2013,9/17/2013,"SKADDEN, ARPS, SLATE, MEAGHER & FLOM LLP",NA,NA,NA,NA,CA,y,H-1B,265000,attorney
I-200-13256-626116,certified,9/13/2013,9/24/2013,"SKADDEN, ARPS, SLATE, MEAGHER & FLOM LLP",NA,NA,NA,NA,CA,y,H-1B,265000,attorney
I-200-13256-313703,certified,9/13/2013,9/24/2013,"SKADDEN, ARPS, SLATE, MEAGHER & FLOM LLP",NA,NA,NA,NA,CA,y,H-1B,265000,attorney
I-200-13260-431841,certified,9/17/2013,9/25/2013,"SKADDEN ARPS, SLATE, MEAGHER & FLOM LLP",NA,NA,NA,NA,CA,y,H-1B,265000,attorney
I-200-14056-881328,certified,2/25/2014,3/3/2014,WHITE & CASE LLP,NA,NA,NA,NA,NY,y,H-1B,250000,attorney
I-200-14072-818312,certified,3/13/2014,3/19/2014,WHITE & CASE LLP,NA,NA,NA,NA,NY,y,H-1B,250000,attorney
I-203-14003-200133,certified,1/3/2014,1/9/2014,"SKADDEN, ARPS, SLATE, MEAGHER & FLOM LLP",NA,NA,NA,NA,NY,y,E-3 Australian,250000,attorney
I-200-13212-675298,certified,7/31/2013,8/6/2013,"CURTIS, MALLET-PREVOST, COLT &AMP; MOSLE LLP",NA,NA,NA,NA,NY,y,H-1B,240000,attorney
I-203-14261-459948,certified,9/18/2014,9/24/2014,"SKADDEN, ARPS, SLATE, MEAGHER & FLOM LLP",NA,NA,NA,NA,NY,y,E-3 Australian,230000,attorney
I-200-14100-102948,certified,4/10/2014,4/16/2014,"CURTIS, MALLET-PREVOST, COLT &AMP; MOSLE LLP",NA,NA,NA,NA,NY,y,H-1B,210000.18,attorney
I-200-13317-290298,certified,11/13/2013,11/19/2013,"SKADDEN, ARPS, SLATE, MEAGHER AND FLOM LLP",NA,NA,NA,NA,NY,y,H-1B,210000,attorney
I-200-14052-418954,certified,2/21/2014,2/27/2014,GUNDERSON DETTMER STOUGH VILLENEUVE FRANKLIN & HAC,NA,NA,NA,NA,NY,y,H-1B,210000,attorney
I-200-14062-310071,certified,3/3/2014,3/7/2014,"SKADDEN, ARPS, SLATE, MEAGHER & FLOM LLP",NA,NA,NA,NA,NY,y,H-1B,210000,attorney
I-200-14141-157594,certified,5/21/2014,5/28/2014,"CURTIS, MALLET-PREVOST, COLT & MOSLE LLP",NA,NA,NA,NA,NY,y,H-1B,210000,attorney
I-200-13231-109895,denied,8/19/2013,8/21/2013,"SKADDEN, ARPS, SLATE, MEAGHER & FLOM LLP",NA,NA,NA,NA,NY,y,H-1B,210000,attorney
I-200-13233-375723,certified,8/21/2013,8/27/2013,"SKADDEN, ARPS, SLATE, MEAGHER & FLOM LLP",NA,NA,NA,NA,NY,y,H-1B,210000,attorney
I-200-13081-043757,certified,3/28/2013,4/3/2013,HUGHES HUBBARD & REED LLP,NA,NA,NA,NA,NY,y,H-1B,2400000,attorney
I-203-13162-320950,certified,6/11/2013,6/17/2013,"FRIED, FRANK, HARRIS, SHRIVER & JACOBSON LLP",NA,NA,NA,NA,NY,y,E-3 Australian,400000,attorney
I-203-13105-824303,certified,4/15/2013,4/19/2013,"SKADDEN, ARPS, SLATE, MEAGHER & FLOM LLP",NA,NA,NA,NA,NY,y,E-3 Australian,280000,attorney
I-200-13037-049275,certified,2/14/2013,2/21/2013,"FRIED, FRANK, HARRIS, SHRIVER & JACOBSON LLP",NA,NA,NA,NA,NY,y,H-1B,270000,attorney
I-200-13072-835200,certified,3/13/2013,3/19/2013,"SKADDEN, ARPS, SLATE, MEAGHER & FLOM LLP",NA,NA,NA,NA,NY,y,H-1B,250000,attorney
I-200-13094-682640,certified,4/5/2013,4/11/2013,BOIES SCHILLER & FLEXNER LLP,NA,NA,NA,NA,NY,y,H-1B,246000,attorney
I-200-12289-338042,certified,10/15/2012,10/19/2012,"MORGAN, LEWIS & BOCKIUS LLP",NA,NA,NA,NA,NY,y,H-1B,230000,attorney
I-200-13091-291695,certified,4/1/2013,4/5/2013,"SKADDEN, ARPS, SLATE, MEAGHER & FLOM LLP",NA,NA,NA,NA,NY,y,H-1B,230000,attorney
I-200-13123-819164,certified,5/3/2013,5/9/2013,KATTEN MUCHIN ROSENMAN LLP,NA,NA,NA,NA,NY,y,H-1B,230000,attorney
I-200-13127-930283,certified,5/7/2013,5/13/2013,KATTEN MUCHIN ROSENMAN LLP,NA,NA,NA,NA,NY,y,H-1B,230000,attorney
I-200-12284-938818,certified,10/11/2012,10/17/2012,"SKADDEN, ARPS, SLATE, MEAGHER & FLOM LLP",NA,NA,NA,NA,NY,y,H-1B,210000,attorney
I-200-12286-656146,certified-withdrawn,10/12/2012,10/26/2012,"SKADDEN, ARPS, SLATE, MEAGHER & FLOM LLP",NA,NA,NA,NA,NY,y,H-1B,210000,attorney
A-14274-11865,certified,11/21/2014,4/30/2015,UNIVERSITY OF MICHIGAN,Other,medicine,n,,MICHIGAN,NA,greencard,206410,assistant professor
I-200-13207-093666,withdrawn,7/26/2013,7/30/2013,THE UNIVERSITY OF IOWA,NA,NA,NA,NA,IA,y,H-1B,220000,assistant professor
I-200-13211-942912,certified,7/30/2013,8/5/2013,THE UNIVERSITY OF IOWA,NA,NA,NA,NA,IA,y,H-1B,220000,assistant professor
I-200-13211-528003,certified-withdrawn,7/30/2013,8/8/2013,THE UNIVERSITY OF IOWA,NA,NA,NA,NA,IA,y,H-1B,220000,assistant professor
I-200-13255-554568,certified,9/12/2013,9/18/2013,THE UNIVERSITY OF IOWA,NA,NA,NA,NA,IA,y,H-1B,220000,assistant professor
I-200-11293-321230,certified,11/3/2011,11/9/2011,MEDICAL UNIVERSITY OF SOUTH CAROLINA & AFFILIATES,NA,NA,NA,NA,SC,y,H-1B,206000,assistant professor
I-200-13329-517060,withdrawn,11/25/2013,11/25/2013,UNIVERSITY OF ARKANSAS FOR MEDICAL SCIENCES,NA,NA,NA,NA,AR,y,H-1B,292000,assistant professor
I-200-13329-928353,certified,11/25/2013,12/2/2013,UNIVERSITY OF ARKANSAS FOR MEDICAL SCIENCES,NA,NA,NA,NA,AR,y,H-1B,292000,assistant professor
I-200-11161-455416,withdrawn,6/15/2011,6/18/2013,SHEARMAN & STERLING LLP,NA,NA,NA,NA,NY,y,H-1B,290000,attorney
I-200-11143-809515,certified-withdrawn,5/23/2011,1/23/2013,O'MELVENY &AMP; MYERS LLP,NA,NA,NA,NA,NY,y,H-1B,265000,attorney
I-203-10326-144961,certified-withdrawn,11/22/2010,10/18/2011,O'MELVENY &AMP; MYERS LLP,NA,NA,NA,NA,NY,y,E-3 Australian,265000,attorney
I-203-11277-057877,certified,10/4/2011,10/11/2011,"FRIED, FRANK, HARRIS, SHRIVER & JACOBSON LLP",NA,NA,NA,NA,NY,y,E-3 Australian,400000,attorney
I-203-12075-901458,certified-withdrawn,3/15/2012,10/1/2012,O'MELVENY &AMP; MYERS LLP,NA,NA,NA,NA,NY,y,E-3 Australian,265000,attorney
I-200-12139-236763,certified-withdrawn,5/18/2012,4/30/2014,O'MELVENY &AMP; MYERS LLP,NA,NA,NA,NA,NY,y,H-1B,210000,attorney
I-200-12240-745567,certified-withdrawn,8/27/2012,10/16/2012,O'MELVENY &AMP; MYERS LLP,NA,NA,NA,NA,CA,y,H-1B,210000,attorney
I-200-15015-243119,certified-withdrawn,1/15/2015,1/23/2015,"GIBSON, DUNN &AMP; CRUTCHER, LLP",NA,NA,NA,NA,CA,y,H-1B,280000,attorney
I-200-15023-244612,certified,1/23/2015,1/30/2015,"GIBSON, DUNN & CRUTCHER, LLP",NA,NA,NA,NA,CA,y,H-1B,280000,attorney
I-200-13316-944888,certified-withdrawn,11/12/2013,9/23/2014,THE UNIVERSITY OF IOWA,NA,NA,NA,NA,IA,y,H-1B,228854,assistant professor
I-200-14336-224060,certified,12/2/2014,12/8/2014,KILPATRICK TOWNSEND & STOCKTON LLP,NA,NA,NA,NA,CA,y,H-1B,275000,attorney
I-200-14329-095318,withdrawn,11/26/2014,12/2/2014,KILPATRICK TOWNSEND &AMP; STOCKTON LLP,NA,NA,NA,NA,CA,y,H-1B,265000,attorney
I-200-14255-401322,certified,9/12/2014,9/18/2014,COLUMBIA UNIVERSITY,NA,NA,NA,NA,NY,y,H-1B,300000,assistant professor
A-14189-86204,certified,7/15/2014,1/12/2015,DENTONS US LLP,Other,law,n,,TEXAS,NA,greencard,275000,attorney
I-200-14101-835164,certified-withdrawn,4/11/2014,5/9/2014,LOCKE LORD BISSELL &AMP; LIDDELL LLP,NA,NA,NA,NA,TX,y,H-1B,203466,attorney
I-200-14129-245328,certified,5/9/2014,5/15/2014,LOCKE LORD LLP,NA,NA,NA,NA,TX,y,H-1B,203466,attorney
I-200-11118-571117,certified-withdrawn,4/28/2011,5/3/2013,GUNDERSON DETTMER DETTMER STOUGH VILLENEUVE FRANKL,NA,NA,NA,NA,CA,y,H-1B,265000,attorney
I-200-13059-335130,certified,3/1/2013,3/7/2013,GOOGLE INC.,NA,NA,NA,NA,CA,y,H-1B,250000,software engineer
I-200-13137-130490,withdrawn,5/21/2013,5/22/2013,"SAMSUNG TELECOMMUNICATIONS AMERICA, LLC",NA,NA,NA,NA,CA,y,H-1B,222098.24,software engineer
I-200-13142-863460,certified-withdrawn,5/22/2013,7/16/2013,"SAMSUNG TELECOMMUNICATIONS AMERICA, LLC",NA,NA,NA,NA,CA,y,H-1B,222098.24,software engineer
I-200-13126-058243,certified,5/7/2013,5/13/2013,GOOGLE INC.,NA,NA,NA,NA,CA,y,H-1B,219288,software engineer
I-200-13024-581825,certified,1/25/2013,1/31/2013,GOOGLE INC.,NA,NA,NA,NA,CA,y,H-1B,210000,software engineer
I-200-13158-360804,certified,6/7/2013,6/13/2013,"JUNIPER NETWORKS, INC.",NA,NA,NA,NA,CA,y,H-1B,202842,software engineer
I-200-14140-684921,withdrawn,5/20/2014,5/22/2014,UNIVERSITY OF ARKANSAS FOR MEDICAL SCIENCES,NA,NA,NA,NA,AR,y,H-1B,450000,assistant professor
I-200-14142-798860,certified,5/22/2014,5/29/2014,UNIVERSITY OF ARKANSAS FOR MEDICAL SCIENCES,NA,NA,NA,NA,AR,y,H-1B,450000,assistant professor
I-200-13234-291941,certified,8/23/2013,8/29/2013,UNIVERSITY OF ARKANSAS FOR MEDICAL SCIENCES,NA,NA,NA,NA,AR,y,H-1B,400000,assistant professor
I-200-13255-440198,certified,9/12/2013,9/18/2013,UNIVERSITY OF ARKANSAS FOR MEDICAL SCIENCES,NA,NA,NA,NA,AR,y,H-1B,400000,assistant professor
I-200-13256-737329,certified,9/13/2013,9/24/2013,UNIVERSITY OF ARKANSAS FOR MEDICAL SCIENCES,NA,NA,NA,NA,AR,y,H-1B,400000,assistant professor
I-200-14099-889664,certified,4/9/2014,4/15/2014,UNIVERSITY OF ARKANSAS FOR MEDICAL SCIENCES,NA,NA,NA,NA,AR,y,H-1B,350000,assistant professor
I-200-14162-286140,certified,6/11/2014,6/17/2014,UNIVERSITY OF ARKANSAS FOR MEDICAL SCIENCES,NA,NA,NA,NA,AR,y,H-1B,317000,assistant professor
I-200-13353-479640,certified,12/19/2013,12/26/2013,UNIVERSITY OF ARKANSAS FOR MEDICAL SCIENCES,NA,NA,NA,NA,AR,y,H-1B,300000,assistant professor
I-200-14029-157702,certified,1/29/2014,2/4/2014,UNIVERSITY OF ARKANSAS FOR MEDICAL SCIENCES,NA,NA,NA,NA,AR,y,H-1B,290000,assistant professor
I-200-13231-961521,certified,8/21/2013,8/27/2013,UNIVERSITY OF ARKANSAS FOR MEDICAL SCIENCES,NA,NA,NA,NA,AR,y,H-1B,290000,assistant professor
I-200-14177-266747,withdrawn,6/26/2014,6/27/2014,UNIVERSITY OF ARKANSAS FOR MEDICAL SCIENCES,NA,NA,NA,NA,AR,y,H-1B,276000,assistant professor
I-200-14178-637572,certified,6/27/2014,7/3/2014,UNIVERSITY OF ARKANSAS FOR MEDICAL SCIENCES,NA,NA,NA,NA,AR,y,H-1B,276000,assistant professor
I-200-14092-960061,certified,4/2/2014,4/9/2014,UNIVERSITY OF ARKANSAS FOR MEDICAL SCIENCES,NA,NA,NA,NA,AR,y,H-1B,239733,assistant professor
I-200-13067-811385,certified-withdrawn,3/8/2013,4/18/2013,THE UNIVERSITY OF IOWA,NA,NA,NA,NA,ID,y,H-1B,226500,assistant professor
I-200-14140-787627,certified,5/20/2014,5/27/2014,O'MELVENY &AMP; MYERS LLP,NA,NA,NA,NA,CA,y,H-1B,265000,attorney
I-200-14197-446148,certified,7/16/2014,7/22/2014,LOYOLA UNIVERSITY MEDICAL CENTER,NA,NA,NA,NA,IL,y,H-1B,250000,assistant professor
I-200-15026-735812,denied,1/26/2015,2/3/2015,THE UNIVERSITY OF IOWA,NA,NA,NA,NA,IA,y,H-1B,234000,assistant professor
I-200-15034-018839,certified,2/3/2015,2/9/2015,THE UNIVERSITY OF IOWA,NA,NA,NA,NA,IA,y,H-1B,234000,assistant professor
I-200-15044-418012,certified,2/13/2015,2/22/2015,THE UNIVERSITY OF IOWA,NA,NA,NA,NA,IA,y,H-1B,224400,assistant professor
I-200-14197-582014,certified,7/16/2014,7/22/2014,THE UNIVERSITY OF IOWA,NA,NA,NA,NA,IA,y,H-1B,200000,assistant professor
I-200-14162-208085,certified,6/11/2014,6/17/2014,THE UNIVERSITY OF IOWA,NA,NA,NA,NA,IA,y,H-1B,200000,assistant professor
I-200-12299-164751,certified,10/25/2012,10/31/2012,GOOGLE INC.,NA,NA,NA,NA,CA,y,H-1B,200000,software engineer
A-14273-11786,certified,11/26/2014,5/14/2015,"BORDERFREE, INC.",Bachelor's,"computer science, engineering or closely related",y,72,NEW YORK,NA,greencard,195208,software engineer
I-200-14323-816697,certified,11/19/2014,11/25/2014,BAHA INDUSTRIES CORP.,NA,NA,NA,NA,NY,y,H-1B,195208,software engineer
I-200-14031-059310,certified,1/31/2014,2/7/2014,THE UNIVERSITY OF TEXAS SOUTHWESTERN MEDICAL CENTE,NA,NA,NA,NA,TX,y,H-1B,325000,assistant professor
I-200-14092-027611,certified,4/2/2014,4/9/2014,THE UNIVERSITY OF TEXAS SOUTHWESTERN MEDICAL CENTE,NA,NA,NA,NA,TX,y,H-1B,226000,assistant professor
I-200-13113-550985,certified,4/23/2013,4/29/2013,UNIVERSITY OF NEBRASKA MEDICAL CENTER,NA,NA,NA,NA,NE,y,H-1B,230000,assistant professor
I-200-14181-106487,certified,7/3/2014,7/10/2014,UNIVERSITY OF MASSACHUSETTS AMHERST,NA,NA,NA,NA,MA,y,H-1B,194000,assistant professor
I-200-13210-670518,certified,7/29/2013,8/2/2013,MOUNT SINAI MEDICAL CENTER,NA,NA,NA,NA,NY,y,H-1B,225000,assistant professor
I-203-14021-228428,withdrawn,2/5/2014,2/5/2014,WINSTON & STRAWN LLP,NA,NA,NA,NA,DC,y,E-3 Australian,2500000,attorney
I-200-14072-532168,denied,3/13/2014,3/21/2014,SIDLEY AUSTIN (US) LLP,NA,NA,NA,NA,DC,y,H-1B,725000,attorney
I-200-14080-944944,certified,3/21/2014,4/1/2014,SIDLEY AUSTIN (US) LLP,NA,NA,NA,NA,DC,y,H-1B,725000,attorney
I-203-14042-838564,certified,2/11/2014,2/18/2014,WINSTON & STRAWN LLP,NA,NA,NA,NA,DC,y,E-3 Australian,265000,attorney
I-203-13270-767623,certified,9/27/2013,10/21/2013,WINSTON & STRAWN LLP,NA,NA,NA,NA,DC,y,E-3 Australian,250000,attorney
I-203-14036-118426,withdrawn,2/5/2014,2/11/2014,WINSTON & STRAWN LLP,NA,NA,NA,NA,DC,y,E-3 Australian,250000,attorney
I-200-13346-081517,certified,1/17/2014,1/24/2014,UNIVERSITY OF KENTUCKY,NA,NA,NA,NA,KY,y,H-1B,195000,assistant professor
I-200-15021-108925,certified,1/21/2015,1/28/2015,UNIVERSITY OF CONNECTICUT HEALTH CENTER,NA,NA,NA,NA,CT,y,H-1B,362000,assistant professor
I-200-14079-352350,certified,3/20/2014,3/26/2014,THE UNIVERSITY OF IOWA,NA,NA,NA,NA,IA,y,H-1B,220000,assistant professor
I-200-14107-935417,certified,4/17/2014,4/23/2014,THE UNIVERSITY OF IOWA,NA,NA,NA,NA,IA,y,H-1B,220000,assistant professor
A-14111-62137,certified-expired,5/2/2014,10/9/2014,"TWITTER, INC.",Master's,computer science,y,72,CALIFORNIA,NA,greencard,190258,software engineer
I-200-15040-827734,certified,2/10/2015,2/19/2015,GOOGLE INC.,NA,NA,NA,NA,CA,y,H-1B,198000,software engineer
I-200-14238-668597,certified,8/29/2014,9/5/2014,OLIFF PLC,NA,NA,NA,NA,VA,y,H-1B,189571,attorney
I-200-14133-767079,certified,8/25/2014,8/29/2014,BAYLOR COLLEGE OF MEDICINE,NA,NA,NA,NA,TX,y,H-1B,215000,assistant professor
I-200-13130-336680,certified,5/10/2013,5/16/2013,UNIVERSITY OF NEW MEXICO HEALTH SCIENCES CENTER,NA,NA,NA,NA,NM,y,H-1B,210000,assistant professor
A-14198-89622,certified-expired,7/24/2014,12/18/2014,GOOGLE INC.,Master's,"computer science, computer engineering, or related field",n,,NEW YORK,NA,greencard,210000,software engineer
I-200-14132-764888,certified,5/23/2014,5/30/2014,"HCL AMERICA, INC.",NA,NA,NA,NA,NJ,y,H-1B,188843,software engineer
A-13340-22579,certified-expired,3/9/2014,10/27/2014,GOLDMAN SACHS BANK USA,Master's,"tech/business w/ a spec in comp sci, cyber secur or mgmt info sys",y,120,NEW YORK,NA,greencard,188843,business analyst
A-14045-42041,certified-expired,3/28/2014,10/27/2014,GOLDMAN SACHS SERVICES LLC,Bachelor's,"comp sci, comp engineering, or a related engineering discipline",y,84,NEW JERSEY,NA,greencard,188843,business analyst
I-200-15059-673246,certified,3/10/2015,3/16/2015,"SALESFORCE.COM, INC.",NA,NA,NA,NA,CA,y,H-1B,232824,software engineer
I-200-15050-634060,certified,2/19/2015,2/25/2015,"WAL-MART ASSOCIATES, INC.",NA,NA,NA,NA,CA,y,H-1B,222600.3,software engineer
I-203-14219-199223,certified,8/7/2014,8/13/2014,"GOOGLE, INC.",NA,NA,NA,NA,CA,y,E-3 Australian,205000,software engineer
A-14289-16288,certified,10/21/2014,3/19/2015,UNIVERSITY OF FLORIDA,Other,medicine,n,,FLORIDA,NA,greencard,250000,assistant professor
I-200-15068-181639,certified,3/16/2015,3/20/2015,UNIVERSITY OF FLORIDA,NA,NA,NA,NA,FL,y,H-1B,246000,assistant professor
I-200-14273-676081,certified-withdrawn,9/30/2014,10/23/2014,UNIVERSITY OF FLORIDA,NA,NA,NA,NA,FL,y,H-1B,202033.95,assistant professor
I-200-14281-394552,certified-withdrawn,10/9/2014,10/22/2014,UNIVERSITY OF FLORIDA,NA,NA,NA,NA,FL,y,H-1B,188793,assistant professor
I-200-14296-848722,certified,10/23/2014,10/29/2014,UNIVERSITY OF FLORIDA,NA,NA,NA,NA,FL,y,H-1B,188793,assistant professor
I-200-11279-533774,certified,10/7/2011,10/14/2011,DLA PIPER LLP (US),NA,NA,NA,NA,VA,y,H-1B,265000,attorney
I-200-12167-288156,certified-withdrawn,6/15/2012,12/13/2012,O'MELVENY &AMP; MYERS LLP,NA,NA,NA,NA,DC,y,H-1B,210000,attorney
I-200-11320-588563,certified,11/16/2011,11/22/2011,"DRC EMERGENCY SERVICES, LLC",NA,NA,NA,NA,AL,y,H-1B,188594,attorney
I-200-11297-935602,denied,10/24/2011,10/25/2011,DRC EMERGENCY SERVICES LLC,NA,NA,NA,NA,AL,y,H-1B,180000,attorney
I-200-11300-669308,denied,10/27/2011,11/1/2011,"DRC EMERGENCY SERVICES, LLC",NA,NA,NA,NA,AL,y,H-1B,180000,attorney
I-200-11312-701286,denied,11/8/2011,11/16/2011,"DRC EMERGENCY SERVICES, LLC",NA,NA,NA,NA,AL,y,H-1B,180000,attorney
I-200-14161-530194,denied,6/17/2014,6/20/2014,GOOGLE INC.,NA,NA,NA,NA,CA,y,H-1B,140000,software engineer
I-200-13077-839340,denied,3/18/2013,3/22/2013,HUGHES HUBBARD & REED LLP,NA,NA,NA,NA,DC,y,H-1B,2400000,attorney
I-200-13081-136705,denied,3/22/2013,3/28/2013,HUGHES HUBBARD & REED LLP,NA,NA,NA,NA,DC,y,H-1B,2400000,attorney
I-200-13087-022976,certified,3/28/2013,4/3/2013,HUGHES HUBBARD & REED LLP,NA,NA,NA,NA,DC,y,H-1B,2400000,attorney
I-200-13178-895469,certified,6/27/2013,7/3/2013,HILLS STERN & MORLEY LLP,NA,NA,NA,NA,DC,y,H-1B,230000,attorney
I-203-13142-538341,certified,5/28/2013,6/3/2013,WINSTON & STRAWN LLP,NA,NA,NA,NA,DC,y,E-3 Australian,210000,attorney
I-200-13179-775255,certified,6/28/2013,7/5/2013,LOUIS STOKES CLEVELAND VA MEDICAL CENTER,NA,NA,NA,NA,OH,y,H-1B,235000,assistant professor
I-200-13233-970624,denied,8/21/2013,8/26/2013,LOUIS STOKES CLEVELAND VA MEDICAL CENTER,NA,NA,NA,NA,OH,y,H-1B,235000,assistant professor
I-200-14156-460131,certified,6/9/2014,6/14/2014,"UNIVERSITY PHYSICIANS & SURGEONS, INC.",NA,NA,NA,NA,WV,y,H-1B,360000,assistant professor
A-14258-06986,certified,9/19/2014,2/18/2015,"TPS II OF PA, LLC",Other,medicine,n,,PENNSYLVANIA,NA,greencard,275000,assistant professor
A-14322-26853,withdrawn,11/19/2014,11/19/2014,"BLACKHAWK NETWORK, INC.",Bachelor's,computer science,n,,CALIFORNIA,NA,greencard,186555,software engineer
A-14323-27084,certified,11/19/2014,4/29/2015,"BLACKHAWK NETWORK, INC.",Bachelor's,computer science,n,,CALIFORNIA,NA,greencard,186555,software engineer
I-200-13094-423492,certified,4/5/2013,4/11/2013,NVIDIA CORPORATION,NA,NA,NA,NA,CA,y,H-1B,186189,software engineer
I-200-15008-744159,certified,1/8/2015,1/14/2015,UNIVERSITY OF ARKANSAS FOR MEDICAL SCIENCES,NA,NA,NA,NA,AR,y,H-1B,290000,assistant professor
I-200-15063-223210,denied,3/4/2015,3/13/2015,UNIVERSITY OF ARKANSAS FOR MEDICAL SCIENCES,NA,NA,NA,NA,AR,y,H-1B,275600,assistant professor
I-200-15063-847346,certified,3/4/2015,3/10/2015,UNIVERSITY OF ARKANSAS FOR MEDICAL SCIENCES,NA,NA,NA,NA,AR,y,H-1B,275000,assistant professor
I-200-15008-959542,certified,1/8/2015,1/14/2015,UNIVERSITY OF ARKANSAS FOR MEDICAL SCIENCES,NA,NA,NA,NA,AR,y,H-1B,255000,assistant professor
I-200-14240-470502,certified,8/28/2014,9/4/2014,UNIVERSITY OF ARKANSAS FOR MEDICAL SCIENCES,NA,NA,NA,NA,AR,y,H-1B,230000,assistant professor
I-200-15007-585600,withdrawn,1/7/2015,1/8/2015,UNIVERSITY OF ARKANSAS FOR MEDICAL SCIENCES,NA,NA,NA,NA,AR,y,H-1B,225000,assistant professor
I-200-15062-661032,certified,3/3/2015,3/9/2015,UNIVERSITY OF ARKANSAS FOR MEDICAL SCIENCES,NA,NA,NA,NA,AR,y,H-1B,218000,assistant professor
I-200-15036-706957,certified,2/5/2015,2/11/2015,UNIVERSITY OF ARKANSAS FOR MEDICAL SCIENCES,NA,NA,NA,NA,AR,y,H-1B,198962,assistant professor
I-200-14239-608333,certified,8/27/2014,9/3/2014,"CASH, KRUGLER & FREDERICKS LLC",NA,NA,NA,NA,GA,y,H-1B,200000,attorney
I-200-12121-167526,certified-withdrawn,4/30/2012,9/20/2013,INDIANA UNIV. PURDUE UNIV. INDIANAPOLIS,NA,NA,NA,NA,IN,n,H-1B,83247.84,assistant professor
I-200-14015-286069,certified,1/15/2014,1/22/2014,THE UNIVERSITY OF IOWA,NA,NA,NA,NA,IA,y,H-1B,205000,assistant professor
I-200-14015-616996,withdrawn,1/15/2014,1/15/2014,THE UNIVERSITY OF IOWA,NA,NA,NA,NA,IA,y,H-1B,205000,assistant professor
I-200-14065-613374,certified-withdrawn,3/6/2014,3/24/2014,"SKADDEN, ARPS, SLATE, MEAGHER & FLOM LLP",NA,NA,NA,NA,CA,y,H-1B,210000,attorney
I-200-14065-908698,certified-withdrawn,3/6/2014,3/24/2014,"SKADDEN, ARPS, SLATE, MEAGHER & FLOM LLP",NA,NA,NA,NA,CA,y,H-1B,210000,attorney
A-14310-23555,certified,11/6/2014,4/28/2015,"HARA-TECH, INC.",Master's,economics,n,,CALIFORNIA,NA,greencard,184683,business analyst
I-200-14323-156452,certified,11/19/2014,11/25/2014,PERKINS COIE LLP,NA,NA,NA,NA,CA,y,H-1B,220000,attorney
I-200-13066-961436,certified,3/11/2013,3/15/2013,"FACEBOOK, INC.",NA,NA,NA,NA,CA,y,H-1B,220000,software engineer
I-200-13066-584318,certified,3/11/2013,3/15/2013,"SALESFORCE.COM, INC.",NA,NA,NA,NA,CA,y,H-1B,210000,software engineer
A-14363-38339,certified,12/30/2014,6/22/2015,EMC CORPORATION,Master's,"comp. sci.,engin(any),business,math,physics,or related technical field",y,24,CALIFORNIA,NA,greencard,183872,software engineer
I-200-12135-470165,certified-withdrawn,5/14/2012,2/28/2013,INDIANA UNIV. PURDUE UNIV. INDIANAPOLIS,NA,NA,NA,NA,IN,n,H-1B,157500.72,assistant professor
I-200-12135-305798,certified-withdrawn,5/14/2012,2/28/2013,IU HEALTH CARE ASSOCIATES,NA,NA,NA,NA,IN,n,H-1B,157500.72,assistant professor
I-200-13190-642373,certified,7/9/2013,7/15/2013,BAYLOR COLLEGE OF MEDICINE,NA,NA,NA,NA,TX,y,H-1B,245000,assistant professor
I-200-13170-211392,certified-withdrawn,6/19/2013,9/12/2013,BAYLOR COLLEGE OF MEDICINE,NA,NA,NA,NA,TX,y,H-1B,245000,assistant professor
I-200-12285-071967,certified,10/11/2012,10/17/2012,BAYLOR COLLEGE OF MEDICINE,NA,NA,NA,NA,TX,y,H-1B,210000,assistant professor
I-200-13143-112382,certified,5/23/2013,5/30/2013,BAYLOR COLLEGE OF MEDICINE,NA,NA,NA,NA,TX,y,H-1B,205000,assistant professor
I-200-13168-056245,withdrawn,6/17/2013,10/31/2014,BAYLOR COLLEGE OF MEDICINE,NA,NA,NA,NA,TX,y,H-1B,200000,assistant professor
I-200-13172-422927,certified,6/21/2013,6/27/2013,THE UNIVERSITY OF TEXAS HEALTH SCIENCE CENTER AT H,NA,NA,NA,NA,TX,y,H-1B,190000,assistant professor
I-200-13025-822092,certified,1/25/2013,1/31/2013,BAYLOR COLLEGE OF MEDICINE,NA,NA,NA,NA,TX,y,H-1B,185000,assistant professor
I-200-14077-464515,certified,3/25/2014,4/3/2014,BAKER & MCKENZIE LLP,NA,NA,NA,NA,IL,y,H-1B,230000,attorney
I-200-14084-796186,certified,3/25/2014,4/3/2014,BAKER & MCKENZIE LLP,NA,NA,NA,NA,IL,y,H-1B,230000,attorney
I-200-14101-866383,certified,4/24/2014,4/30/2014,BAKER & MCKENZIE LLP - CHICAGO OFFICE,NA,NA,NA,NA,IL,y,H-1B,210000,attorney
I-200-14199-267633,certified,8/12/2014,8/18/2014,INTEL CORPORATION,NA,NA,NA,NA,CA,y,H-1B,182360,software engineer
I-200-13127-624797,certified,5/7/2013,5/13/2013,EASTERN VIRGINIA MEDICAL SCHOOL,NA,NA,NA,NA,VA,y,H-1B,205000,assistant professor
I-200-13050-062636,denied,2/20/2013,2/26/2013,EASTERN VIRGINIA MEDICAL SCHOOL,NA,NA,NA,NA,VA,y,H-1B,130121.04,assistant professor
I-200-14329-967162,certified,12/2/2014,12/8/2014,BROOKLYN COLLEGE OF THE CITY UNIVERSITY OF NEW YORK,NA,NA,NA,NA,NY,n,H-1B,81703.44,assistant professor
I-200-14175-656393,certified,6/27/2014,7/3/2014,MARSHALL UNIVERSITY (SCHOOL OF MEDICINE),NA,NA,NA,NA,WV,y,H-1B,200000,assistant professor
I-200-14175-740176,certified,6/27/2014,7/3/2014,MARSHALL UNIVERSITY (SCHOOL OF MEDICINE),NA,NA,NA,NA,WV,y,H-1B,200000,assistant professor
I-200-11270-449570,certified,11/3/2011,11/9/2011,CREIGHTON UNIVERSITY,NA,NA,NA,NA,NE,y,H-1B,250000,assistant professor
I-200-14303-229484,certified,10/30/2014,11/5/2014,SOUTHERN ILLINOIS UNIVERSITY CARBONDALE,NA,NA,NA,NA,IL,y,H-1B,180000,assistant professor
I-200-14136-875628,certified-withdrawn,5/16/2014,6/2/2014,SOUTHERN ILLINOIS UNIVERSITY CARBONDALE,NA,NA,NA,NA,IL,y,H-1B,180000,assistant professor
I-200-14154-920419,certified-withdrawn,6/3/2014,9/15/2014,SOUTHERN ILLINOIS UNIVERSITY CARBONDALE,NA,NA,NA,NA,IL,y,H-1B,180000,assistant professor
I-200-14163-673607,withdrawn,6/12/2014,6/12/2014,DREXEL UNIVERSITY,NA,NA,NA,NA,PA,y,H-1B,180000,assistant professor
I-200-14057-878534,certified,3/3/2014,3/7/2014,GOOGLE INC.,NA,NA,NA,NA,CA,y,H-1B,227600,software engineer
A-14143-72136,certified-expired,5/23/2014,10/9/2014,GOOGLE INC.,Master's,"software engineering, computer science, or a related field",n,,CALIFORNIA,NA,greencard,220000,software engineer
A-14226-98160,certified,8/14/2014,1/20/2015,EMC CORPORATION,Master's,"comp. sci., engin,(any), business, math, physics, or related tech field",y,24,CALIFORNIA,NA,greencard,179504,software engineer
I-200-14105-057567,certified,4/15/2014,4/22/2014,"STRADLING YOCCA CARLSON & RAUTH, P.C.",NA,NA,NA,NA,CA,y,H-1B,230000,attorney
I-200-14079-374907,certified,3/20/2014,3/26/2014,THE UNIVERSITY OF IOWA,NA,NA,NA,NA,IA,y,H-1B,183000,assistant professor
I-200-15011-407445,certified,1/13/2015,1/20/2015,"NETFLIX, INC.",NA,NA,NA,NA,CA,y,H-1B,230000,data scientist
I-200-15058-184514,certified,2/27/2015,3/5/2015,EASTERN VIRGINIA MEDICAL SCHOOL,NA,NA,NA,NA,VA,y,H-1B,195000,assistant professor
I-200-13242-844359,certified,8/30/2013,9/10/2013,PRATT INSTITUTE,NA,NA,NA,NA,NY,n,H-1B,79868.88,assistant professor
I-200-14010-501492,certified,1/17/2014,1/24/2014,UNIVERSITY OF MASSACHUSETTS AMHERST,NA,NA,NA,NA,MA,y,H-1B,176492.68,assistant professor
I-200-15006-411234,certified,1/8/2015,1/14/2015,"GO DADDY.COM, LLC",NA,NA,NA,NA,WA,y,H-1B,197000,software engineer
I-200-15072-888013,certified,3/13/2015,3/19/2015,EMC CORPORATION,NA,NA,NA,NA,WA,y,H-1B,183600,software engineer
I-203-15076-025907,certified,3/17/2015,3/23/2015,EMC CORPORATION,NA,NA,NA,NA,WA,y,E-3 Australian,176446,software engineer
I-203-14203-836846,certified,7/22/2014,7/28/2014,EMC CORPORATION,NA,NA,NA,NA,WA,y,E-3 Australian,176446,software engineer
I-200-13003-767382,certified,1/10/2013,1/16/2013,TEMPLE UNIVERSITY--A COMMONWEALTH UNIVERSITY,NA,NA,NA,NA,PA,y,H-1B,175167,assistant professor
I-200-13016-291129,certified,1/16/2013,1/23/2013,TEMPLE UNIVERSITY--A COMMONWEALTH UNIVERSITY,NA,NA,NA,NA,PA,y,H-1B,175167,assistant professor
I-200-13113-817853,certified,4/26/2013,5/2/2013,GOOGLE INC.,NA,NA,NA,NA,CA,y,H-1B,206900,software engineer
I-200-12257-185760,certified-withdrawn,11/13/2012,6/6/2013,"CLOUDCAR, INC.",NA,NA,NA,NA,CA,y,H-1B,185000,software engineer
I-200-13346-375876,certified,12/13/2013,12/20/2013,THE UNIVERSITY OF ARIZONA,NA,NA,NA,NA,AZ,y,H-1B,183000,assistant professor
I-200-15072-517979,certified,3/20/2015,3/31/2015,ALBANY MEDICAL COLLEGE,NA,NA,NA,NA,NY,y,H-1B,180000,assistant professor
I-200-15036-056659,certified,2/5/2015,2/14/2015,"FACEBOOK, INC.",NA,NA,NA,NA,CA,y,H-1B,210000,software engineer
I-200-15054-790502,certified,3/4/2015,3/13/2015,"FACEBOOK, INC.",NA,NA,NA,NA,CA,y,H-1B,210000,software engineer
I-200-15052-445076,certified,2/25/2015,3/5/2015,"FACEBOOK, INC.",NA,NA,NA,NA,CA,y,H-1B,192000,software engineer
I-200-15062-603720,certified,3/4/2015,3/12/2015,"FACEBOOK, INC.",NA,NA,NA,NA,CA,y,H-1B,185000,software engineer
I-200-14037-629599,certified,2/6/2014,2/12/2014,"GUNDERSON DETTMER, LLP",NA,NA,NA,NA,CA,y,H-1B,230000,attorney
I-200-14055-328179,certified,2/24/2014,2/28/2014,GUNDERSON DETTMER STOUGH VILLENEUVE FRANKLIN & HAC,NA,NA,NA,NA,CA,y,H-1B,230000,attorney
I-200-14055-616728,certified,6/6/2014,6/12/2014,DAVIS POLK & WARDWELL LLP,NA,NA,NA,NA,CA,y,H-1B,210000,attorney
I-200-14076-090041,certified,3/17/2014,3/24/2014,MORRISON & FOERSTER LLP,NA,NA,NA,NA,CA,y,H-1B,200000,attorney
I-202-14028-161714,certified,1/28/2014,2/4/2014,MORRISON & FOERSTER LLP,NA,NA,NA,NA,CA,y,H-1B1 Singapore,200000,attorney
I-200-13189-636952,certified,7/8/2013,7/12/2013,MORRISON & FOERSTER LLP,NA,NA,NA,NA,CA,y,H-1B,200000,attorney
I-200-14057-463675,certified,3/5/2014,3/11/2014,UNIVERSITY OF COLORADO,NA,NA,NA,NA,CO,y,H-1B,333900,assistant professor
I-200-14057-555531,certified,3/5/2014,3/11/2014,UNIVERSITY OF COLORADO,NA,NA,NA,NA,CO,y,H-1B,333900,assistant professor
A-14164-78094,certified-expired,7/2/2014,11/28/2014,UNIVERSITY OF COLORADO DENVER,Other,medicine,n,,COLORADO,NA,greencard,193625,assistant professor
I-200-14183-702609,certified,7/2/2014,7/9/2014,BAYLOR COLLEGE OF MEDICINE,NA,NA,NA,NA,TX,y,H-1B,325000,assistant professor
A-14189-85973,certified-expired,7/8/2014,12/2/2014,MILTON S. HERSHEY MEDICAL CENTER,Other,medicine,n,,PENNSYLVANIA,NA,greencard,180000,assistant professor
A-14213-94641,certified,8/1/2014,1/2/2015,MILTON S. HERSHEY MEDICAL CENTER,Other,medicine,n,,PENNSYLVANIA,NA,greencard,177000,assistant professor
I-200-13268-479887,certified,9/25/2013,10/17/2013,UNIVERSITY OF NEW MEXICO,NA,NA,NA,NA,NM,y,H-1B,174000,assistant professor
I-200-13247-599939,certified,9/4/2013,9/12/2013,MERCER UNIVERSITY,NA,NA,NA,NA,GA,y,H-1B,220000,assistant professor
I-200-12283-192987,certified,10/9/2012,10/15/2012,MERCER UNIVERSITY,NA,NA,NA,NA,GA,y,H-1B,194227,assistant professor
I-200-13142-352232,certified,5/22/2013,5/29/2013,THE UNIVERSITY OF IOWA,NA,NA,NA,NA,IA,y,H-1B,220000,assistant professor
I-200-13137-963259,certified-withdrawn,5/17/2013,2/18/2014,THE UNIVERSITY OF IOWA,NA,NA,NA,NA,IA,y,H-1B,185000,assistant professor
I-200-13155-928144,certified,6/6/2013,6/12/2013,UNIVERSITY OF FLORIDA,NA,NA,NA,NA,FL,y,H-1B,250000,assistant professor
A-14183-84629,certified,8/15/2014,1/2/2015,ALBANY MEDICAL COLLEGE,Other,medicine,n,,NEW YORK,NA,greencard,220000,assistant professor
I-200-15033-216971,certified,2/3/2015,2/10/2015,"FACEBOOK, INC.",NA,NA,NA,NA,CA,y,H-1B,185000,software engineer
A-14175-81450,certified-expired,7/1/2014,11/28/2014,B & R WHOLESALE FLOWER DBA RIVER OAKS PLANT HOUSE,Bachelor's,business administration,y,60,TEXAS,NA,greencard,172203,business analyst
I-200-11294-417977,certified-withdrawn,10/28/2011,11/3/2011,SHEARMAN & STERLING LLP,NA,NA,NA,NA,CA,y,H-1B,185000,attorney
I-200-14044-833208,certified,2/13/2014,2/21/2014,THE UNIVERSITY OF IOWA,NA,NA,NA,NA,IA,y,H-1B,181367,assistant professor
I-200-14052-723281,certified,2/21/2014,2/27/2014,THE UNIVERSITY OF IOWA,NA,NA,NA,NA,IA,y,H-1B,180000,assistant professor
I-200-14007-141420,certified,1/7/2014,1/13/2014,THOMAS JEFFERSON UNIVERSITY,NA,NA,NA,NA,PA,n,H-1B,166860.72,assistant professor
I-200-14007-429101,certified,1/7/2014,1/13/2014,JEFFERSON UNIVERSITY PHYSICIANS,NA,NA,NA,NA,PA,n,H-1B,166860.72,assistant professor
I-200-14267-260072,certified,9/24/2014,9/30/2014,"FACEBOOK, INC.",NA,NA,NA,NA,CA,y,H-1B,200000,software engineer
I-200-14246-998960,certified,9/19/2014,9/25/2014,"FACEBOOK, INC.",NA,NA,NA,NA,CA,y,H-1B,191494.8,software engineer
I-200-14279-412680,certified,10/10/2014,10/17/2014,"FACEBOOK, INC.",NA,NA,NA,NA,CA,y,H-1B,185000,software engineer
I-200-14238-546965,certified,8/27/2014,9/3/2014,"FACEBOOK, INC.",NA,NA,NA,NA,CA,y,H-1B,185000,software engineer
I-200-14225-309514,certified,8/13/2014,8/20/2014,"FACEBOOK, INC.",NA,NA,NA,NA,CA,y,H-1B,180000,software engineer
I-200-13143-833783,certified,5/29/2013,6/4/2013,UNIVERSITY OF MINNESOTA PHYSICIANS,NA,NA,NA,NA,MN,n,H-1B,156312,assistant professor
I-200-14133-785725,certified,5/20/2014,5/27/2014,"FACEBOOK, INC.",NA,NA,NA,NA,CA,y,H-1B,197996.54,software engineer
I-200-14133-296220,certified,5/20/2014,5/27/2014,"FACEBOOK, INC.",NA,NA,NA,NA,CA,y,H-1B,183000,software engineer
I-200-14162-349807,certified,6/12/2014,6/18/2014,"FACEBOOK, INC.",NA,NA,NA,NA,CA,y,H-1B,177000,software engineer
I-200-14167-280062,certified,6/16/2014,6/20/2014,"FACEBOOK, INC.",NA,NA,NA,NA,CA,y,H-1B,177000,software engineer
I-200-13056-696830,certified,2/25/2013,3/1/2013,TEMPLE UNIVERSITY--A COMMONWEALTH UNIVERSITY,NA,NA,NA,NA,PA,y,H-1B,175950,assistant professor
I-200-13056-437263,certified,2/25/2013,3/1/2013,TEMPLE UNIVERSITY--A COMMONWEALTH UNIVERSITY,NA,NA,NA,NA,PA,y,H-1B,170850,assistant professor
I-200-14352-186427,certified,12/19/2014,12/26/2014,"SALESFORCE.COM, INC.",NA,NA,NA,NA,FL,y,H-1B,170643,software engineer
I-200-11200-868618,certified-withdrawn,7/21/2011,12/12/2012,"SAMSUNG TELECOMMUNICATIONS AMERICA, LLC",NA,NA,NA,NA,CA,y,H-1B,175000,software engineer
I-200-14115-768687,certified,4/25/2014,5/1/2014,"FACEBOOK, INC.",NA,NA,NA,NA,CA,y,H-1B,208162.5,software engineer
I-200-14051-350369,certified,2/21/2014,2/27/2014,"FACEBOOK, INC.",NA,NA,NA,NA,CA,y,H-1B,200000,software engineer
I-200-14125-192613,certified-withdrawn,5/5/2014,1/27/2015,"FACEBOOK, INC.",NA,NA,NA,NA,CA,y,H-1B,186667.68,software engineer
I-200-14101-282977,certified,4/16/2014,4/24/2014,"FACEBOOK, INC.",NA,NA,NA,NA,CA,y,H-1B,186454.13,software engineer
I-200-14115-422503,certified,4/25/2014,5/1/2014,"FACEBOOK, INC.",NA,NA,NA,NA,CA,y,H-1B,179340,software engineer
I-200-13109-694921,certified,4/25/2013,5/1/2013,TRAVELZOO INC.,NA,NA,NA,NA,CA,y,H-1B,190000,software engineer
I-200-13060-512076,certified,3/1/2013,3/7/2013,APPLE INC.,NA,NA,NA,NA,CA,y,H-1B,185000,software engineer
I-200-13059-887796,certified,2/28/2013,3/6/2013,APPLE INC.,NA,NA,NA,NA,CA,y,H-1B,171000,software engineer
I-200-13329-023308,certified,11/27/2013,12/4/2013,"FACEBOOK, INC.",NA,NA,NA,NA,CA,y,H-1B,185000,software engineer
I-200-15041-906699,certified,3/6/2015,3/12/2015,SYMBOLIC IO CORPORATION,NA,NA,NA,NA,NJ,y,H-1B,200000,software engineer
I-200-13324-467049,certified,11/20/2013,11/26/2013,UNIVERSITY OF ARKANSAS FOR MEDICAL SCIENCE,NA,NA,NA,NA,AR,y,H-1B,174595.2,assistant professor
I-200-14031-954166,certified,2/4/2014,2/10/2014,"FACEBOOK, INC.",NA,NA,NA,NA,CA,y,H-1B,202693.98,software engineer
I-200-13315-669057,certified,11/12/2013,11/19/2013,"FACEBOOK, INC.",NA,NA,NA,NA,CA,y,H-1B,200000,software engineer
I-200-14127-186452,certified,5/7/2014,5/13/2014,EMC CORPORATION,NA,NA,NA,NA,NJ,y,H-1B,180000,software engineer
A-14134-69468,certified-expired,5/23/2014,10/24/2014,ORACLE FINANCIAL SERVICES SOFTWARE INC.,Bachelor's,computer science,y,60,NEW JERSEY,NA,greencard,168875,software engineer
A-14260-07663,withdrawn,9/22/2014,10/31/2014,EMC CORPORATION,Bachelor's,mathematics,n,,NEW JERSEY,NA,greencard,168875,software engineer
I-200-14081-065623,certified,6/24/2014,6/30/2014,UNIVERSITY OF KENTUCKY,NA,NA,NA,NA,KY,y,H-1B,195000,assistant professor
A-14155-74812,certified-expired,6/10/2014,11/13/2014,ARCHILIER INC.,Master's,business administration (w/ underlying bachelor's degree in architecture,n,,NEW YORK,NA,greencard,168334,management consultant
I-200-13067-056447,certified,3/8/2013,3/14/2013,UNIVERSITY OF VIRGINIA,NA,NA,NA,NA,VA,n,H-1B,112497.84,assistant professor
I-200-13067-908070,certified,3/8/2013,3/14/2013,UNIVERSITY OF VIRGINIA HEALTH SERVICES FOUNDATION,NA,NA,NA,NA,VA,n,H-1B,112497.84,assistant professor
I-200-13226-881119,certified,8/15/2013,8/21/2013,"FACEBOOK, INC.",NA,NA,NA,NA,CA,y,H-1B,185208.65,software engineer
I-200-13291-045585,certified,10/18/2013,11/1/2013,"FACEBOOK, INC.",NA,NA,NA,NA,CA,y,H-1B,174652.8,software engineer
I-200-14140-429034,certified,5/20/2014,5/27/2014,UNIVERSITY OF SOUTH ALABAMA,NA,NA,NA,NA,AL,y,H-1B,226600,assistant professor
I-200-13291-064220,denied,10/18/2013,11/4/2013,THE UNIVERSITY OF TEXAS HEALTH SCIENCE CENTER AT H,NA,NA,NA,NA,TX,y,H-1B,304750,assistant professor
I-200-13061-459472,certified-withdrawn,3/2/2013,6/30/2014,O'MELVENY &AMP; MYERS LLP,NA,NA,NA,NA,CA,y,H-1B,185000,attorney
I-200-14155-690932,certified,6/5/2014,6/11/2014,MARSHALL UNIVERSITY (SCHOOL OF MEDICINE),NA,NA,NA,NA,WV,y,H-1B,200000,assistant professor
I-200-14133-868994,certified,6/25/2014,7/1/2014,MARSHALL UNIVERSITY (SCHOOL OF MEDICINE),NA,NA,NA,NA,WV,y,H-1B,175000,assistant professor
I-200-13161-307245,certified,6/12/2013,6/18/2013,"FACEBOOK, INC.",NA,NA,NA,NA,CA,y,H-1B,178710,software engineer
I-200-12326-989653,certified,11/21/2012,11/28/2012,THE UNIVERSITY OF TEXAS SOUTHWESTERN MEDICAL CENTE,NA,NA,NA,NA,TX,y,H-1B,325000,assistant professor
I-200-13162-357608,certified,6/11/2013,6/17/2013,UT SOUTHWESTERN MEDICAL CENTER,NA,NA,NA,NA,TX,y,H-1B,285000,assistant professor
I-200-10147-971626,certified-withdrawn,5/28/2010,2/7/2013,BAYLOR COLLEGE OF MEDICINE,NA,NA,NA,NA,TX,y,H-1B,197000,assistant professor
I-200-13157-963544,denied,6/6/2013,6/10/2013,THE UNIVERSITY OF TEXAS SOUTHWESTERN MEDICAL CENTE,NA,NA,NA,NA,TX,y,H-1B,28500,assistant professor
I-200-11124-131225,withdrawn,5/6/2011,8/26/2014,SHEARMAN & STERLING LLP,NA,NA,NA,NA,NY,y,H-1B,210000,attorney
I-200-12111-467871,certified-withdrawn,4/20/2012,3/20/2013,THE UNIVERSITY OF TEXAS M.D. ANDERSON CANCER CENTE,NA,NA,NA,NA,TX,y,H-1B,173000,assistant professor
I-200-12170-111871,certified-withdrawn,6/18/2012,7/24/2013,THE UNIVERSITY OF TEXAS M.D. ANDERSON CANCER CENTE,NA,NA,NA,NA,TX,y,H-1B,173000,assistant professor
I-200-13308-672665,certified,11/4/2013,11/8/2013,"WAL-MART ASSOCIATES, INC.",NA,NA,NA,NA,CA,y,H-1B,212000.1,software engineer
I-200-13151-290453,certified,2/27/2014,3/5/2014,"WAL-MART ASSOCIATES, INC.",NA,NA,NA,NA,CA,y,H-1B,212000,software engineer
I-200-13221-113466,certified-withdrawn,8/9/2013,9/13/2013,"TWITTER, INC.",NA,NA,NA,NA,CA,y,H-1B,190000,software engineer
I-200-13259-020077,certified,9/16/2013,9/25/2013,"TWITTER, INC.",NA,NA,NA,NA,CA,y,H-1B,180000,software engineer
I-203-14063-587904,certified,3/5/2014,3/11/2014,"TWITTER, INC.",NA,NA,NA,NA,CA,y,E-3 Australian,175000,software engineer
A-14118-64455,certified-expired,5/1/2014,10/15/2014,"APPDIRECT, INC.",Master's,"computer science, or related field",y,36,CALIFORNIA,NA,greencard,170000,software engineer
I-200-14080-599084,certified,3/21/2014,3/27/2014,"SALESFORCE.COM, INC.",NA,NA,NA,NA,CA,y,H-1B,223870,software engineer
I-200-14289-693343,certified,10/16/2014,10/22/2014,DELL USA L.P.,NA,NA,NA,NA,TX,y,H-1B,185000,software engineer
I-200-14169-690460,certified,6/19/2014,6/25/2014,"LITHIUM TECHNOLOGIES, INC.",NA,NA,NA,NA,CA,y,H-1B,175000,software engineer
I-202-15061-394969,certified,3/9/2015,3/13/2015,SIMPSON THACHER & BARTLETT LLP,NA,NA,NA,NA,NY,y,H-1B1 Singapore,280000,attorney
I-200-14279-924972,certified,10/10/2014,10/17/2014,AKIN GUMP STRAUSS HAUER AND FELD LLP,NA,NA,NA,NA,NY,y,H-1B,265000,attorney
I-200-15012-888221,withdrawn,1/12/2015,1/12/2015,SIDLEY AUSTIN (US) LLP,NA,NA,NA,NA,NY,y,H-1B,265000,attorney
I-200-15068-152573,certified,3/10/2015,3/16/2015,DAVIS POLK & WARDWELL LLP,NA,NA,NA,NA,NY,y,H-1B,265000,attorney
I-200-14217-855158,certified,8/6/2014,8/12/2014,SIMPSON THACHER & BARTLETT LLP,NA,NA,NA,NA,NY,y,H-1B,265000,attorney
I-200-14286-422708,certified,10/21/2014,10/27/2014,AKIN GUMP STRAUSS HAUER & FELD LLP,NA,NA,NA,NA,NY,y,H-1B,250000,attorney
I-200-15061-998207,certified,3/11/2015,3/18/2015,WILLKIE FARR & GALLAGHER LLP,NA,NA,NA,NA,NY,y,H-1B,250000,attorney
I-200-15079-092871,certified,3/20/2015,3/31/2015,"MORGAN, LEWIS & BOCKIUS LLP",NA,NA,NA,NA,NY,y,H-1B,250000,attorney
I-203-14282-500967,certified,10/9/2014,10/16/2014,CHADBOURNE & PARKE LLP,NA,NA,NA,NA,NY,y,E-3 Australian,250000,attorney
I-203-14287-022127,certified,10/14/2014,10/20/2014,CHADBOURNE & PARKE LLP,NA,NA,NA,NA,NY,y,E-3 Australian,250000,attorney
I-203-14314-240211,certified,11/10/2014,11/17/2014,"SKADDEN, ARPS, SLATE, MEAGHER & FLOM LLP",NA,NA,NA,NA,NY,y,E-3 Australian,250000,attorney
A-14311-23637,certified,12/8/2014,6/12/2015,STIKEMAN ELLIOTT (NY),Doctorate,law,n,,NEW YORK,NA,greencard,230000,attorney
I-200-14300-692567,certified,10/28/2014,11/3/2014,"SKADDEN, ARPS, SLATE, MEAGHER & FLOM LLP",NA,NA,NA,NA,NY,y,H-1B,230000,attorney
A-14233-00414,certified,10/9/2014,3/3/2015,DAVIES WARD PHILLIPS & VINEBERG LLP,Other,law,n,,NEW YORK,NA,greencard,210000,attorney
I-200-15071-393978,certified,3/12/2015,3/18/2015,HERBERT SMITH FREEHILLS NEW YORK LLP,NA,NA,NA,NA,NY,y,H-1B,210000,attorney
I-200-15071-637850,certified,3/12/2015,3/18/2015,CHADBOURNE & PARKE LLP,NA,NA,NA,NA,NY,y,H-1B,210000,attorney
I-203-14349-906541,certified,12/15/2014,12/19/2014,WHITE & CASE LLP,NA,NA,NA,NA,NY,y,E-3 Australian,210000,attorney
I-203-14188-883207,certified,7/11/2014,7/17/2014,"BERGER LEGAL SECONDMENT & SOLUTIONS, LLC",NA,NA,NA,NA,NY,y,E-3 Australian,210000,attorney
I-200-14189-804028,certified,7/9/2014,7/15/2014,BICKEL & BREWER,NA,NA,NA,NA,NY,y,H-1B,205000,attorney
I-200-15014-197189,certified,1/14/2015,1/21/2015,"DAVIDSON, DAVIDSON & KAPPEL, LLC",NA,NA,NA,NA,NY,y,H-1B,200000,attorney
I-200-15042-402550,certified,2/11/2015,2/19/2015,"WITHERS BERGMAN, LLP",NA,NA,NA,NA,NY,y,H-1B,190000,attorney
I-200-14364-789526,certified,1/2/2015,1/8/2015,DORSEY & WHITNEY,NA,NA,NA,NA,NY,y,H-1B,185000,attorney
I-200-15027-675871,certified,3/6/2015,3/12/2015,KIRKLAND & ELLIS LLP,NA,NA,NA,NA,NY,y,H-1B,185000,attorney
I-200-15049-615109,certified,3/4/2015,3/13/2015,"SKADDEN, ARPS, SLATE, MEAGHER & FLOM LLP",NA,NA,NA,NA,NY,y,H-1B,185000,attorney
I-203-15077-018055,certified,3/18/2015,3/24/2015,KIRKLAND & ELLIS LLP,NA,NA,NA,NA,NY,y,E-3 Australian,185000,attorney
I-200-14183-634790,certified,7/10/2014,7/16/2014,WHITE & CASE LLP,NA,NA,NA,NA,NY,y,H-1B,185000,attorney
I-200-14189-114240,certified,7/9/2014,7/15/2014,"FRIED, FRANK, HARRIS, SHRIVER & JACOBSON LLP",NA,NA,NA,NA,NY,y,H-1B,185000,attorney
I-200-14196-409737,certified,7/15/2014,7/22/2014,"SKADDEN, ARPS, SLATE, MEAGHER & FLOM LLP",NA,NA,NA,NA,NY,y,H-1B,185000,attorney
I-200-14217-306458,certified,8/5/2014,8/12/2014,"CURTIS, MALLET-PREVOST, COLT & MOSLE LLP",NA,NA,NA,NA,NY,y,H-1B,185000,attorney
I-200-14237-774860,certified,8/25/2014,8/29/2014,WHITE & CASE LLP,NA,NA,NA,NA,NY,y,H-1B,185000,attorney
I-200-14321-755682,certified,11/18/2014,11/24/2014,MORRISON & FOERSTER LLP,NA,NA,NA,NA,NY,y,H-1B,180000,attorney
I-200-15048-848845,certified,2/25/2015,3/3/2015,KIRKLAND & ELLIS LLP,NA,NA,NA,NA,NY,y,H-1B,170000,attorney
I-203-14282-802032,certified,10/22/2014,10/28/2014,ALLEN & OVERY LLP,NA,NA,NA,NA,NY,y,E-3 Australian,166000,attorney
I-200-15071-337607,certified,3/17/2015,3/23/2015,"WEBMD, LLC",NA,NA,NA,NA,NY,y,H-1B,165693,attorney
I-200-15063-384175,certified,3/4/2015,3/10/2015,DIAMOND PERSONNEL LLC,NA,NA,NA,NA,NY,y,H-1B,176800,attorney
I-200-14043-470781,certified,2/12/2014,2/19/2014,DIAMOND PERSONNEL LLC,NA,NA,NA,NA,NY,y,H-1B,176800,attorney
I-200-14230-384953,certified,8/18/2014,8/24/2014,DIAMOND PERSONNEL LLC,NA,NA,NA,NA,NY,y,H-1B,176800,attorney
I-200-14062-872920,certified,3/3/2014,3/7/2014,STIKEMAN ELLIOTT (NY) LLP,NA,NA,NA,NA,NY,y,H-1B,285000,attorney
A-14161-76638,certified-expired,7/7/2014,12/5/2014,CLIFFORD CHANCE US LLP,Other,bachelor of laws (juris doctor equivalent),n,,NEW YORK,NA,greencard,280000,attorney
A-14154-74436,certified-expired,6/12/2014,11/17/2014,SIMPSON THACHER & BARTLETT LLP,Other,law,n,,NEW YORK,NA,greencard,265000,attorney
I-200-14097-620314,certified,4/10/2014,4/16/2014,"AKIN, GUMP, STRAUSS, HAUER & FELD, LLP",NA,NA,NA,NA,NY,y,H-1B,265000,attorney
I-200-14100-590716,certified-withdrawn,4/10/2014,4/17/2014,"AKIN, GUMP, STRAUSS, HAUER & FELD, LLP",NA,NA,NA,NA,NY,y,H-1B,265000,attorney
I-200-14164-517099,certified-withdrawn,6/23/2014,8/20/2014,SHEARMAN & STERLING LLP,NA,NA,NA,NA,NY,y,H-1B,265000,attorney
I-200-13196-408329,denied,7/18/2013,7/23/2013,SIMPSON THACHER & BARTLETT LLP,NA,NA,NA,NA,NY,y,H-1B,265000,attorney
I-200-13204-837113,certified,7/23/2013,7/29/2013,SIMPSON THACHER & BARTLETT LLP,NA,NA,NA,NA,NY,y,H-1B,265000,attorney
I-200-14059-166290,withdrawn,2/28/2014,3/3/2014,STIKEMAN ELLIOTT (NY) LLP,NA,NA,NA,NA,NY,y,H-1B,260000,attorney
I-203-13323-055706,certified,11/19/2013,11/25/2013,WHITE & CASE LLP,NA,NA,NA,NA,NY,y,E-3 Australian,250000,attorney
I-200-13253-261635,certified,9/12/2013,9/20/2013,DLA PIPER LLP (US),NA,NA,NA,NA,NY,y,H-1B,250000,attorney
I-200-13217-711896,certified,8/5/2013,8/9/2013,SIMPSON THACHER & BARTLETT LLP,NA,NA,NA,NA,NY,y,H-1B,232000,attorney
I-200-14055-325692,certified,2/25/2014,3/3/2014,STIKEMAN ELLIOTT (NY) LLP,NA,NA,NA,NA,NY,y,H-1B,230000,attorney
I-200-14079-832468,certified,4/3/2014,4/9/2014,SCHULTE ROTH & ZABEL LLP,NA,NA,NA,NA,NY,y,H-1B,230000,attorney
I-200-14126-264136,certified,5/13/2014,5/19/2014,SCHULTE ROTH & ZABEL LLP,NA,NA,NA,NA,NY,y,H-1B,230000,attorney
I-200-14133-300330,certified,5/13/2014,5/19/2014,"BOIES, SCHILLER & FLEXNER LLP",NA,NA,NA,NA,NY,y,H-1B,228000,attorney
I-200-14062-811066,certified,3/3/2014,3/7/2014,"GIBSON, DUNN &AMP; CRUTCHER, LLP",NA,NA,NA,NA,NY,y,H-1B,210000,attorney
I-200-14080-574495,certified,3/21/2014,3/27/2014,"FRIED, FRANK, HARRIS, SHRIVER & JACOBSON LLP",NA,NA,NA,NA,NY,y,H-1B,210000,attorney
I-200-14129-512108,certified,5/12/2014,5/16/2014,KIRKLAND & ELLIS LLP,NA,NA,NA,NA,NY,y,H-1B,210000,attorney
I-200-13213-070107,certified,8/2/2013,8/8/2013,"FRIED, FRANK, HARRIS, SHRIVER & JACOBSON LLP",NA,NA,NA,NA,NY,y,H-1B,210000,attorney
I-200-13301-550950,certified,10/29/2013,11/4/2013,DESMARAIS LLP,NA,NA,NA,NA,NY,y,H-1B,205000,attorney
I-200-14118-686802,certified,5/13/2014,5/19/2014,DAVIS WRIGHT TREMAINE LLP,NA,NA,NA,NA,NY,y,H-1B,197500,attorney
A-14141-71230,certified-expired,5/21/2014,10/27/2014,JONES DAY,Other,law,y,36,NEW YORK,NA,greencard,195000,attorney
I-200-13303-880275,certified,10/30/2013,11/8/2013,"SKADDEN, ARPS, SLATE, MEAGHER & FLOM LLP",NA,NA,NA,NA,NY,y,H-1B,185000,attorney
I-200-14059-394276,certified,2/28/2014,3/7/2014,"SKADDEN, ARPS, SLATE, MEAGHER & FLOM LLP",NA,NA,NA,NA,NY,y,H-1B,185000,attorney
I-200-14062-515587,certified,3/3/2014,3/10/2014,"SKADDEN, ARPS, SLATE, MEAGHER & FLOM LLP",NA,NA,NA,NA,NY,y,H-1B,185000,attorney
I-200-14062-754675,certified,3/3/2014,3/10/2014,"SKADDEN, ARPS, SLATE, MEAGHER & FLOM LLP",NA,NA,NA,NA,NY,y,H-1B,185000,attorney
I-200-14076-459784,certified,3/17/2014,3/25/2014,"CURTIS, MALLET-PREVOST, COLT &AMP; MOSLE LLP",NA,NA,NA,NA,NY,y,H-1B,185000,attorney
I-200-14084-529469,certified,3/25/2014,4/2/2014,"SKADDEN, ARPS, SLATE, MEAGHER & FLOM LLP",NA,NA,NA,NA,NY,y,H-1B,185000,attorney
I-200-14084-895457,certified,3/25/2014,4/2/2014,"SKADDEN, ARPS, SLATE, MEAGHER & FLOM LLP",NA,NA,NA,NA,NY,y,H-1B,185000,attorney
I-200-14085-966602,certified,3/26/2014,4/4/2014,"SKADDEN, ARPS, SLATE, MEAGHER & FLOM LLP",NA,NA,NA,NA,NY,y,H-1B,185000,attorney
I-200-14099-468086,certified,4/9/2014,4/15/2014,"CURTIS, MALLET-PREVOST, COLT &AMP; MOSLE LLP",NA,NA,NA,NA,NY,y,H-1B,185000,attorney
I-202-14118-931374,certified,4/28/2014,5/2/2014,HERBERT SMITH FREEHILLS NEW YORK LLP,NA,NA,NA,NA,NY,y,H-1B1 Singapore,185000,attorney
I-200-13191-318997,denied,7/10/2013,7/16/2013,"CURTIS, MALLET-PREVOST, COLT &AMP; MOSLE LLP",NA,NA,NA,NA,NY,y,H-1B,185000,attorney
I-200-13197-712867,certified,7/16/2013,7/22/2013,"CURTIS, MALLET-PREVOST, COLT &AMP; MOSLE LLP",NA,NA,NA,NA,NY,y,H-1B,185000,attorney
I-200-13218-432541,certified,8/6/2013,8/12/2013,"WATSON, FARLEY & WILLIAMS LLP",NA,NA,NA,NA,NY,y,H-1B,185000,attorney
I-200-14007-254845,certified,1/7/2014,1/13/2014,MCDERMOTT WILL & EMERY LLP,NA,NA,NA,NA,NY,y,H-1B,175000,attorney
I-200-14007-633498,withdrawn,1/7/2014,1/7/2014,MCDERMOTT WILL & EMERY LLP,NA,NA,NA,NA,NY,y,H-1B,175000,attorney
I-203-14044-446349,certified,2/26/2014,3/4/2014,"QUINN EMANUEL URQUHART & SULLIVAN, LLP",NA,NA,NA,NA,NY,y,E-3 Australian,170000,attorney
I-200-13231-234783,certified,8/19/2013,8/23/2013,"WITHERS BERGMAN, LLP",NA,NA,NA,NA,NY,y,H-1B,170000,attorney
A-14175-81349,certified-expired,6/24/2014,11/21/2014,SHIBOLETH LLP,Master's,law,n,,NEW YORK,NA,greencard,165651,attorney
A-14199-90157,certified,8/14/2014,1/9/2015,GOLENBOCK EISEMAN ASSOR BELL & PESKOE LLP,Other,law,y,12,NEW YORK,NA,greencard,165651,attorney
A-14273-11751,certified,10/3/2014,4/21/2015,Nagashima Ohno & Tsunematsu NY LLP,Master's,law,y,36,NEW YORK,NA,greencard,165651,attorney
I-200-13078-902825,certified,3/19/2013,3/25/2013,"FACEBOOK, INC.",NA,NA,NA,NA,CA,y,H-1B,200000,software engineer
I-200-13072-767518,certified,3/15/2013,3/21/2013,"FACEBOOK, INC.",NA,NA,NA,NA,CA,y,H-1B,173129.36,software engineer
I-200-13192-012145,certified,8/12/2013,8/19/2013,GOOGLE INC.,NA,NA,NA,NA,CA,y,H-1B,200000,software engineer
I-200-13123-561061,certified,5/3/2013,5/9/2013,QUEENS COLLEGE OF THE CITY UNIVERSITY OF NEW YORK,NA,NA,NA,NA,NY,n,H-1B,74458.8,assistant professor
I-203-13163-501395,certified,6/14/2013,6/20/2013,WILLKIE FARR & GALLAGHER LLP,NA,NA,NA,NA,NY,y,E-3 Australian,290000,attorney
I-203-13099-543154,certified,4/11/2013,4/17/2013,SIMPSON THACHER & BARTLETT LLP,NA,NA,NA,NA,NY,y,E-3 Australian,265000,attorney
I-203-13101-562965,certified-withdrawn,4/15/2013,7/27/2013,ALLEN & OVERY LLP,NA,NA,NA,NA,NY,y,E-3 Australian,265000,attorney
I-200-12341-745920,certified,12/11/2012,12/17/2012,SIMPSON THACHER & BARTLETT LLP,NA,NA,NA,NA,NY,y,H-1B,250000,attorney
I-200-12272-177706,certified,10/1/2012,10/5/2012,SHEARMAN & STERLING LLP,NA,NA,NA,NA,NY,y,H-1B,230000,attorney
I-203-12318-422979,certified,11/13/2012,11/19/2012,WHITE & CASE LLP,NA,NA,NA,NA,NY,y,E-3 Australian,230000,attorney
I-203-13063-920028,certified,3/4/2013,3/8/2013,WHITE & CASE LLP,NA,NA,NA,NA,NY,y,E-3 Australian,230000,attorney
I-203-13084-649426,certified,3/25/2013,3/29/2013,DAVIS POLK & WARDWELL LLP,NA,NA,NA,NA,NY,y,E-3 Australian,230000,attorney
I-200-13047-688149,certified-withdrawn,3/3/2013,10/28/2014,"GIBSON, DUNN & CRUTCHER, LLP",NA,NA,NA,NA,NY,y,H-1B,210000,attorney
I-203-12349-893770,certified,12/14/2012,12/20/2012,CHADBOURNE & PARKE LLP,NA,NA,NA,NA,NY,y,E-3 Australian,210000,attorney
I-200-13072-079563,certified,3/13/2013,3/19/2013,"SKADDEN, ARPS, SLATE, MEAGHER & FLOM LLP",NA,NA,NA,NA,NY,y,H-1B,210000,attorney
I-200-12343-078258,denied,12/8/2012,12/12/2012,JPMORGAN CHASE & CO.,NA,NA,NA,NA,NY,y,H-1B,200000,attorney
I-200-12347-238099,certified,12/12/2012,12/18/2012,JPMORGAN CHASE & CO.,NA,NA,NA,NA,NY,y,H-1B,200000,attorney
I-200-13154-697124,certified,6/4/2013,6/10/2013,MORRISON & FOERSTER LLP,NA,NA,NA,NA,NY,y,H-1B,200000,attorney
I-200-13074-040112,certified,3/18/2013,3/22/2013,"WACHTELL, LIPTON, ROSEN & KATZ",NA,NA,NA,NA,NY,y,H-1B,195000,attorney
I-200-13014-028054,certified,1/16/2013,1/23/2013,JONES DAY,NA,NA,NA,NA,NY,y,H-1B,190000,attorney
I-200-12276-847513,certified,10/2/2012,10/9/2012,"SKADDEN, ARPS, SLATE, MEAGHER & FLOM LLP",NA,NA,NA,NA,NY,y,H-1B,185000,attorney
I-200-12276-566445,certified,10/8/2012,10/12/2012,"MORGAN, LEWIS & BOCKIUS LLP",NA,NA,NA,NA,NY,y,H-1B,185000,attorney
I-200-12333-667424,certified,11/28/2012,12/4/2012,"CURTIS, MALLET-PREVOST, COLT &; MOSLE LLP",NA,NA,NA,NA,NY,y,H-1B,185000,attorney
I-200-13070-189562,certified,3/11/2013,3/15/2013,"CURTIS, MALLET-PREVOST, COLT & MOSLE LLP",NA,NA,NA,NA,NY,y,H-1B,185000,attorney
I-200-13032-744911,certified,3/15/2013,3/21/2013,BAKER & MCKENZIE LLP,NA,NA,NA,NA,NY,y,H-1B,185000,attorney
I-200-13141-883050,certified,5/21/2013,5/28/2013,"GIBSON, DUNN & CRUTCHER, LLP",NA,NA,NA,NA,NY,y,H-1B,185000,attorney
I-200-13070-242707,certified,3/11/2013,3/15/2013,"CURTIS, MALLET-PREVOST, COLT &AMP; MOSLE LLP",NA,NA,NA,NA,NY,y,H-1B,170000,attorney
I-200-14161-583888,certified,6/10/2014,6/16/2014,FACULTY PHYSICIANS & SURGEONS OF LLUSM,NA,NA,NA,NA,CA,y,H-1B,170000,assistant professor
I-200-14010-615297,certified,1/17/2014,1/24/2014,UNIVERSITY OF MASSACHUSETTS AMHERST,NA,NA,NA,NA,MA,y,H-1B,165000,assistant professor
A-14234-00742,withdrawn,10/20/2014,10/20/2014,ST. JOHN'S UNIVERSITY,Doctorate,risk management,n,,NEW YORK,NA,greencard,164900.25,assistant professor
A-14293-17228,certified,10/20/2014,4/9/2015,ST. JOHN'S UNIVERSITY,Doctorate,risk management,n,,NEW YORK,NA,greencard,164900.25,assistant professor
I-200-14100-468525,certified,4/10/2014,4/16/2014,UNIVERSITY OF MICHIGAN,NA,NA,NA,NA,MI,y,H-1B,235000,assistant professor
I-200-13105-885458,certified,4/15/2013,4/19/2013,"SKADDEN, ARPS, SLATE, MEAGHER & FLOM LLP",NA,NA,NA,NA,MA,y,H-1B,210000,attorney
I-200-14120-672714,certified,5/5/2014,5/9/2014,ST. JOHN'S UNIVERSITY,NA,NA,NA,NA,NY,y,H-1B,164757.81,assistant professor
I-200-15019-905217,certified,1/19/2015,1/23/2015,"HUESTON HENNIGAN, LLP",NA,NA,NA,NA,CA,y,H-1B,210000,attorney
I-200-15007-634812,certified,1/8/2015,1/14/2015,GLASER WEIL FINK HOWARD AVCHEN & SHAPIRO LLP,NA,NA,NA,NA,CA,y,H-1B,185000,attorney
I-200-13165-450756,certified-withdrawn,6/14/2013,11/4/2013,UNIVERSITY OF MICHIGAN,NA,NA,NA,NA,MI,n,H-1B,123552,assistant professor
I-200-13165-480383,certified,6/14/2013,6/20/2013,UNIVERSITY OF MICHIGAN,NA,NA,NA,NA,MI,n,H-1B,123552,assistant professor
I-200-13036-323814,certified,2/5/2013,2/11/2013,UNIVERSITY OF MICHIGAN,NA,NA,NA,NA,MI,y,H-1B,169373,assistant professor
I-200-15040-057523,certified,2/9/2015,2/14/2015,SHINDIG INC.,NA,NA,NA,NA,NY,y,H-1B,240000,software engineer
I-200-14203-941538,certified,7/22/2014,7/29/2014,BAHA INDUSTRIES CORP.,NA,NA,NA,NA,NY,y,H-1B,168000,business analyst
A-15012-41262,withdrawn,3/2/2015,3/2/2015,"TWITTER, INC.",Master's,computer science,y,36,CALIFORNIA,NA,greencard,164403,software engineer
I-200-15063-061161,certified,3/4/2015,3/10/2015,SONY NETWORK ENTERTAINMENT INTERNATIONAL LLC,NA,NA,NA,NA,CA,y,H-1B,164403,software engineer
I-200-14224-373891,certified,8/13/2014,8/19/2014,"THE GAP, INC.",NA,NA,NA,NA,CA,y,H-1B,164403,software engineer
I-203-14317-317848,certified,12/17/2014,12/23/2014,WINSTON & STRAWN LLP,NA,NA,NA,NA,NJ,y,E-3 Australian,264999.8,attorney
I-200-14316-002803,certified-withdrawn,11/12/2014,12/3/2014,UNIVERSITY OF NORTH TEXAS HEALTH SCIENCE CENTER,NA,NA,NA,NA,TX,y,H-1B,185000,assistant professor
I-200-14337-264780,certified,12/3/2014,12/9/2014,UNIVERSITY OF NORTH TEXAS HEALTH SCIENCE CENTER,NA,NA,NA,NA,TX,y,H-1B,185000,assistant professor
I-200-13085-066592,certified,3/26/2013,4/1/2013,UNIVERSITY OF MICHIGAN,NA,NA,NA,NA,MI,n,H-1B,168480,assistant professor
I-200-13087-815823,certified,3/28/2013,4/3/2013,UNIVERSITY OF MICHIGAN,NA,NA,NA,NA,MI,n,H-1B,102960,assistant professor
I-200-13256-357496,certified,10/28/2013,11/1/2013,UNIVERSITY OF MINNESOTA PHYSICIANS,NA,NA,NA,NA,MN,n,H-1B,77688,assistant professor
I-200-15044-453452,certified,2/13/2015,2/22/2015,THE UNIVERSITY OF IOWA,NA,NA,NA,NA,IA,y,H-1B,174000,assistant professor
I-200-15041-281023,certified,2/10/2015,2/17/2015,THE UNIVERSITY OF IOWA,NA,NA,NA,NA,IA,y,H-1B,172280,assistant professor
I-200-15007-608657,certified-withdrawn,1/7/2015,1/26/2015,THE UNIVERSITY OF IOWA,NA,NA,NA,NA,IA,n,H-1B,79223.04,assistant professor
I-200-15016-665614,certified-withdrawn,1/16/2015,2/17/2015,THE UNIVERSITY OF IOWA,NA,NA,NA,NA,IA,n,H-1B,79223.04,assistant professor
I-202-12009-820195,certified-withdrawn,1/9/2012,4/22/2014,"GIBSON, DUNN & CRUTCHER LLP",NA,NA,NA,NA,NY,y,H-1B1 Singapore,210000,attorney
I-200-15044-846026,certified,2/13/2015,2/22/2015,THE UNIVERSITY OF IOWA,NA,NA,NA,NA,IA,y,H-1B,164200,assistant professor
I-200-12164-134430,certified-withdrawn,6/12/2012,4/19/2013,MORRISON & FOERSTER LLP,NA,NA,NA,NA,NY,n,H-1B,208000,attorney
I-200-11307-213060,certified,11/8/2011,11/16/2011,DLA PIPER LLP (US),NA,NA,NA,NA,NY,y,H-1B,825000,attorney
I-200-11321-657492,certified,11/17/2011,11/23/2011,"CURTIS, MALLET-PREVOST, COLT &AMP; MOSLE LLP",NA,NA,NA,NA,NY,y,H-1B,336000,attorney
I-203-11271-439317,certified,10/4/2011,10/11/2011,DEWEY & LEBOEUF LLP,NA,NA,NA,NA,NY,y,E-3 Australian,300000,attorney
I-203-11357-532648,certified-withdrawn,12/28/2011,10/15/2012,DLA PIPER LLP (US),NA,NA,NA,NA,NY,y,E-3 Australian,280000,attorney
I-200-12062-106940,certified-withdrawn,3/2/2012,2/12/2013,"GIBSON, DUNN & CRUTCHER, LLP",NA,NA,NA,NA,NY,y,H-1B,210000,attorney
I-200-12164-276670,certified-withdrawn,6/12/2012,2/28/2014,GUNDERSON DETTMER STOUGH VILLENEUVE FRANKLIN & HAC,NA,NA,NA,NA,NY,y,H-1B,185000,attorney
I-200-11228-396082,certified-withdrawn,8/23/2011,9/16/2013,SHEARMAN & STERLING LLP,NA,NA,NA,NA,NY,y,H-1B,185000,attorney
I-200-10280-444979,certified,10/12/2011,10/18/2011,"SKADDEN, ARPS, SLATE, MEAGHER & FLOM LLP",NA,NA,NA,NA,NY,y,H-1B,185000,attorney
I-200-11278-397018,certified,10/17/2011,10/21/2011,"SKADDEN, ARPS, SLATE, MEAGHER & FLOM LLP",NA,NA,NA,NA,NY,y,H-1B,185000,attorney
I-200-11294-238967,denied,10/25/2011,10/26/2011,"SKADDEN, ARPS, SLATE, MEAGHER & FLOM LLP",NA,NA,NA,NA,NY,y,H-1B,185000,attorney
I-200-11194-825590,denied,11/1/2011,11/3/2011,"SKADDEN, ARPS, SLATE, MEAGHER & FLOM LLP",NA,NA,NA,NA,NY,y,H-1B,185000,attorney
I-200-11301-119073,certified,10/31/2011,11/4/2011,"SKADDEN, ARPS, SLATE, MEAGHER & FLOM LLP",NA,NA,NA,NA,NY,y,H-1B,185000,attorney
I-200-10230-224466,certified,11/3/2011,11/9/2011,"SKADDEN, ARPS, SLATE, MEAGHER & FLOM LLP",NA,NA,NA,NA,NY,y,H-1B,185000,attorney
I-200-11294-789702,certified-withdrawn,10/28/2011,3/17/2014,SHEARMAN & STERLING LLP,NA,NA,NA,NA,NY,y,H-1B,170000,attorney
I-200-13239-512390,certified,8/27/2013,9/3/2013,UNIVERSITY OF OKLAHOMA HEALTH SCIENCES CENTER,NA,NA,NA,NA,OK,n,H-1B,73794.24,assistant professor
I-200-13065-317164,certified,3/13/2013,3/19/2013,"UNIV OF KENTUCKY, KENTUCKY CHILDREN'S HEART CENTER",NA,NA,NA,NA,KY,y,H-1B,180000,assistant professor
I-200-13162-298693,certified,7/11/2013,7/17/2013,TRAFIGURA AG,NA,NA,NA,NA,TX,y,H-1B,163883,attorney
I-200-12272-743443,certified,9/28/2012,10/4/2012,"MORGAN, LEWIS & BOCKIUS LLP",NA,NA,NA,NA,TX,y,H-1B,163821,attorney
I-200-12279-417954,certified,10/9/2012,10/15/2012,MEDICAL COLLEGE OF WISCONSIN,NA,NA,NA,NA,WI,y,H-1B,249000,assistant professor
A-14113-63083,certified-expired,6/26/2014,11/17/2014,"LUMINATE WIRELESS, INC.",Master's,computer science or electrical engineering,n,,CALIFORNIA,NA,greencard,205000,software engineer
I-200-13255-898090,certified,9/24/2013,10/23/2013,ALBANY MEDICAL COLLEGE,NA,NA,NA,NA,NY,y,H-1B,210000,assistant professor
I-200-14105-100521,certified,4/21/2014,4/25/2014,BAYLOR COLLEGE OF MEDICINE,NA,NA,NA,NA,TX,y,H-1B,185400,assistant professor
I-200-13071-375701,withdrawn,3/14/2013,12/24/2014,"UNIVERSITY PHYSICIANS & SURGEONS, INC.",NA,NA,NA,NA,WV,n,H-1B,97493.76,assistant professor
I-200-11294-534470,certified-withdrawn,10/21/2011,10/27/2011,EXPRESSWORKS INTERNATIONAL LLC,NA,NA,NA,NA,CA,y,H-1B,200000,management consultant
I-200-11307-805908,certified-withdrawn,11/3/2011,11/9/2011,EXPRESSWORKS INTERNATIONAL LLC,NA,NA,NA,NA,CA,y,H-1B,200000,management consultant
I-200-11318-276341,certified,11/14/2011,11/18/2011,EXPRESSWORKS INTERNATIONAL LLC,NA,NA,NA,NA,CA,y,H-1B,200000,management consultant
I-200-15007-463265,certified-withdrawn,1/7/2015,3/20/2015,COLUMBIA UNIVERSITY,NA,NA,NA,NA,NY,y,H-1B,165238,assistant professor
I-200-15079-381310,certified,3/20/2015,3/26/2015,COLUMBIA UNIVERSITY,NA,NA,NA,NA,NY,y,H-1B,165238,assistant professor
I-200-14343-738203,certified,12/15/2014,12/19/2014,RUSH UNIVERSITY MEDICAL CENTER,NA,NA,NA,NA,IL,y,H-1B,175000,assistant professor
I-200-14097-759313,certified,4/15/2014,4/23/2014,BAKER & MCKENZIE LLP,NA,NA,NA,NA,TX,y,H-1B,175000,attorney
A-14302-20504,certified,11/10/2014,4/29/2015,TRANSAMERICAN INFORMATION SYSTEMS,Bachelor's,"computer science, engineering (any), business, mis or related",y,60,TEXAS,NA,greencard,161782,software engineer
A-14302-20574,certified,11/17/2014,4/30/2015,TRANSAMERICAN INFORMATION SYSTEMS,Bachelor's,"computer science, engineering (any), business, mis or related",y,60,TEXAS,NA,greencard,161782,software engineer
A-14303-21042,certified,12/19/2014,6/26/2015,TRANSAMERICAN INFORMATION SYSTEMS,Bachelor's,"computer science, engineering (any), business, mis or related",y,60,TEXAS,NA,greencard,161782,software engineer
A-14303-21051,certified,11/10/2014,5/1/2015,TRANSAMERICAN INFORMATION SYSTEMS,Bachelor's,"computer science, engineering (any), business, mis or related",y,60,TEXAS,NA,greencard,161782,software engineer
A-14304-21507,certified,11/10/2014,5/21/2015,TRANSAMERICAN INFORMATION SYSTEMS,Bachelor's,"computer science, engineering (any), business, mis or related",y,60,TEXAS,NA,greencard,161782,software engineer
A-14309-22936,certified,12/11/2014,6/30/2015,TRANSAMERICAN INFORMATION SYSTEMS,Bachelor's,"computer science, engineering (any), business, mis or related",y,60,TEXAS,NA,greencard,161782,software engineer
A-14314-24295,certified,11/17/2014,5/11/2015,TRANSAMERICAN INFORMATION SYSTEMS,Bachelor's,"computer science, engineering (any), business, mis or related",y,60,TEXAS,NA,greencard,161782,software engineer
A-14315-24567,certified,11/20/2014,5/14/2015,TRANSAMERICAN INFORMATION SYSTEMS,Bachelor's,"computer science, engineering (any), business, mis or related",y,60,TEXAS,NA,greencard,161782,software engineer
A-14316-24965,certified,11/20/2014,5/15/2015,TRANSAMERICAN INFORMATION SYSTEMS,Bachelor's,"computer science, engineering (any), business, mis or related",y,60,TEXAS,NA,greencard,161782,software engineer
A-14316-25039,certified,11/17/2014,5/11/2015,TRANSAMERICAN INFORMATION SYSTEMS,Bachelor's,"computer science, engineering (any), business, mis or related",y,60,TEXAS,NA,greencard,161782,software engineer
A-14311-23621,certified,12/16/2014,6/30/2015,"NEULION, INC.",Other,law,n,,NEW YORK,NA,greencard,161699,attorney
I-200-14178-289858,certified,6/27/2014,7/3/2014,THE UNIVERSITY OF IOWA,NA,NA,NA,NA,IA,n,H-1B,81001.44,assistant professor
